Ulysses,[10],['him']
Ulysses,[17],['He']
Ulysses,[29],['Dei']
Ulysses,[33],['he']
Ulysses,[54, 55, 56],['you', 'fearful', 'jesuit']
Ulysses,[59],['he']
Ulysses,[68],['He']
Ulysses,[94],['he']
Ulysses,[97],['him']
Ulysses,[108],['his']
Ulysses,[112],['his']
Ulysses,[123],['his']
Ulysses,[135, 136, 137, 138],['the', 'shaking', 'gurgling', 'face']
Ulysses,[141],['him']
Ulysses,[182],['he']
Ulysses,[186],['He']
Ulysses,[189, 190],['a', 'preacher']
Ulysses,[203, 204, 205],['the', 'genuine', 'Christine']
Ulysses,[221],['your']
Ulysses,[224],['gents']
Ulysses,[239],['all']
Ulysses,[241],['He']
Ulysses,[261],['his']
Ulysses,[287, 288],['old', 'chap']
Ulysses,[290],['he']
Ulysses,[305],['you']
Ulysses,[307],['He']
Ulysses,[316],['his']
Ulysses,[321],['his']
Ulysses,[327],['his']
Ulysses,[339, 340, 341, 342, 343, 344, 345, 346, 347, 348],['a', 'prelate', ',', 'patron', 'of', 'arts', 'in', 'the', 'middle', 'ages']
Ulysses,[356],['his']
Ulysses,[365],['he']
Ulysses,[369],['Your']
Ulysses,[373, 374, 375],['an', 'ancient', 'Greek']
Ulysses,[377],['He']
Ulysses,[379],['his']
Ulysses,[393],['himself']
Ulysses,[401],['him']
Ulysses,[415],['him']
Ulysses,[418],['he']
Ulysses,[420],['his']
Ulysses,[447],['My']
Ulysses,[474, 475, 476],['the', 'buck', 'himself']
Ulysses,[478],['We']
Ulysses,[485],['you']
Ulysses,[488],['I']
Ulysses,[491, 492],['the', 'aunt']
Ulysses,[499],['He']
Ulysses,[514],['he']
Ulysses,[523],['he']
Ulysses,[532],['me']
Ulysses,[543, 544],['my', 'love']
Ulysses,[565],['his']
Ulysses,[574],['he']
Ulysses,[577],['he']
Ulysses,[581, 582, 583],['A', 'ponderous', 'Saxon']
Ulysses,[585],['He']
Ulysses,[590, 591],['a', 'gentleman']
Ulysses,[606],['he']
Ulysses,[611],['You']
Ulysses,[616],['you']
Ulysses,[623],['He']
Ulysses,[627],['you']
Ulysses,[632],['my']
Ulysses,[635],['you']
Ulysses,[640, 641, 642, 643, 644, 645],['Kinch', ',', 'the', 'knife', '-', 'blade']
Ulysses,[647],['He']
Ulysses,[651],['his']
Ulysses,[655],['He']
Ulysses,[670],['his']
Ulysses,[674, 675, 676],['A', 'woful', 'lunatic']
Ulysses,[682],['you']
Ulysses,[688],['I']
Ulysses,[705, 706, 707, 708, 709, 710, 711, 712, 713, 714, 715, 716, 717, 718, 719, 720],['a', 'man', 'I', 'do', 'n’t', 'know', 'raving', 'and', 'moaning', 'to', 'himself', 'about', 'shooting', 'a', 'black', 'panther']
Ulysses,[722],['You']
Ulysses,[724],['men']
Ulysses,[728],['I']
Ulysses,[731, 732],['a', 'hero']
Ulysses,[737],['he']
Ulysses,[741],['I']
Ulysses,[752],['his']
Ulysses,[755],['He']
Ulysses,[759],['his']
Ulysses,[765],['his']
Ulysses,[773],['he']
Ulysses,[777],['He']
Ulysses,[798],['us']
Ulysses,[802],['your']
Ulysses,[806],['my']
Ulysses,[811],['him']
Ulysses,[842],['he']
Ulysses,[856, 857, 858],['our', 'Irish', 'poets']
Ulysses,[862],['You']
Ulysses,[870],['you']
Ulysses,[872],['He']
Ulysses,[885],['his']
Ulysses,[895],['he']
Ulysses,[904],['Algy']
Ulysses,[929, 930],['the', 'Greeks']
Ulysses,[932],['I']
Ulysses,[935],['you']
Ulysses,[937],['You']
Ulysses,[940],['them']
Ulysses,[973],['he']
Ulysses,[990],['Our']
Ulysses,[998],['He']
Ulysses,[1001],['his']
Ulysses,[1014, 1015],['The', 'aunt']
Ulysses,[1017],['you']
Ulysses,[1019, 1020],['your', 'mother']
Ulysses,[1022],['he']
Ulysses,[1028],['she']
Ulysses,[1032],['me']
Ulysses,[1038],['you']
Ulysses,[1041],['Someone']
Ulysses,[1043],['her']
Ulysses,[1050],['You']
Ulysses,[1062, 1063, 1064],['your', 'dying', 'mother']
Ulysses,[1066],['you']
Ulysses,[1072],['I']
Ulysses,[1074],['hyperborean']
Ulysses,[1078],['you']
Ulysses,[1084, 1085],['your', 'mother']
Ulysses,[1087],['you']
Ulysses,[1089],['her']
Ulysses,[1098],['her']
Ulysses,[1101],['you']
Ulysses,[1109],['you']
Ulysses,[1111],['He']
Ulysses,[1118],['his']
Ulysses,[1126],['his']
Ulysses,[1131, 1132, 1133],['a', 'lovely', 'mummer']
Ulysses,[1135],['he']
Ulysses,[1138],['himself']
Ulysses,[1140, 1141, 1142, 1143, 1144, 1145, 1146, 1147],['Kinch', ',', 'the', 'loveliest', 'mummer', 'of', 'them', 'all']
Ulysses,[1149],['He']
Ulysses,[1172],['his']
Ulysses,[1175],['his']
Ulysses,[1184],['his']
Ulysses,[1203],['his']
Ulysses,[1211],['she']
Ulysses,[1215],['him']
Ulysses,[1217],['her']
Ulysses,[1220],['her']
Ulysses,[1237],['her']
Ulysses,[1244],['him']
Ulysses,[1261],['he']
Ulysses,[1276],['him']
Ulysses,[1300],['her']
Ulysses,[1308],['she']
Ulysses,[1313],['her']
Ulysses,[1333, 1334],['poor', 'dogsbody']
Ulysses,[1336],['he']
Ulysses,[1343],['I']
Ulysses,[1346],['you']
Ulysses,[1375],['his']
Ulysses,[1384],['he']
Ulysses,[1402],['I']
Ulysses,[1414],['You']
Ulysses,[1421],['I']
Ulysses,[1428],['You']
Ulysses,[1433],['you']
Ulysses,[1443],['I']
Ulysses,[1454],['He']
Ulysses,[1463],['his']
Ulysses,[1473],['He']
Ulysses,[1475],['his']
Ulysses,[1478],['he']
Ulysses,[1485],['He']
Ulysses,[1487],['his']
Ulysses,[1503],['his']
Ulysses,[1520, 1521, 1522, 1523, 1524, 1525, 1526, 1527, 1528, 1529],['That', 'fellow', 'I', 'was', 'with', 'in', 'the', 'Ship', 'last', 'night']
Ulysses,[1536],['you']
Ulysses,[1556],['He']
Ulysses,[1579],['His']
Ulysses,[1588],['his']
Ulysses,[1596],['his']
Ulysses,[1604],['yourself']
Ulysses,[1606],['he']
Ulysses,[1609, 1610, 1611],['you', 'dreadful', 'bard']
Ulysses,[1624],['him']
Ulysses,[1637],['he']
Ulysses,[1639],['others']
Ulysses,[1641],['me']
Ulysses,[1643],['Who']
Ulysses,[1648],['me']
Ulysses,[1659],['me']
Ulysses,[1663],['I']
Ulysses,[1669],['skivvy']
Ulysses,[1679],['her']
Ulysses,[1683, 1684],['The', 'aunt']
Ulysses,[1687, 1688],['plainlooking', 'servants']
Ulysses,[1693],['him']
Ulysses,[1699],['her']
Ulysses,[1707],['he']
Ulysses,[1726],['his']
Ulysses,[1732],['he']
Ulysses,[1742],['you']
Ulysses,[1767, 1768],['a', 'servant']
Ulysses,[1774],['his']
Ulysses,[1782],['him']
Ulysses,[1787],['his']
Ulysses,[1796],['he']
Ulysses,[1808],['you']
Ulysses,[1817],['he']
Ulysses,[1823],['you']
Ulysses,[1835],['He']
Ulysses,[1840],['my']
Ulysses,[1843],['I']
Ulysses,[1847],['his']
Ulysses,[1858, 1859],['a', 'servant']
Ulysses,[1864, 1865, 1866, 1867],['the', 'oxy', 'chap', 'downstairs']
Ulysses,[1870],['him']
Ulysses,[1875],['He']
Ulysses,[1882],['you']
Ulysses,[1885, 1886],['a', 'gentleman']
Ulysses,[1888, 1889, 1890],['His', 'old', 'fellow']
Ulysses,[1892],['his']
Ulysses,[1898],['Zulus']
Ulysses,[1911],['you']
Ulysses,[1913],['I']
Ulysses,[1918],['we']
Ulysses,[1933],['His']
Ulysses,[1941],['your']
Ulysses,[1946, 1947],['these', 'swine']
Ulysses,[1949],['I']
Ulysses,[1951, 1952, 1953],['the', 'only', 'one']
Ulysses,[1957],['you']
Ulysses,[1963],['you']
Ulysses,[1965],['me']
Ulysses,[1970],['you']
Ulysses,[1972],['your']
Ulysses,[1975],['me']
Ulysses,[1982],['he']
Ulysses,[1993],['we']
Ulysses,[1996],['him']
Ulysses,[2001],['they']
AliceInWonderland,[1],['she']
AliceInWonderland,[5],['her']
AliceInWonderland,[12],['she']
AliceInWonderland,[20],['her']
AliceInWonderland,[52, 53, 54, 55, 56, 57],['a', 'White', 'Rabbit', 'with', 'pink', 'eyes']
AliceInWonderland,[61],['her']
AliceInWonderland,[87],['Rabbit']
AliceInWonderland,[90],['itself']
AliceInWonderland,[99],['I']
AliceInWonderland,[107],['she']
AliceInWonderland,[116],['her']
AliceInWonderland,[118],['she']
AliceInWonderland,[140],['Rabbit']
AliceInWonderland,[147],['ITS']
AliceInWonderland,[165],['her']
AliceInWonderland,[172],['her']
AliceInWonderland,[175],['she']
AliceInWonderland,[203],['she']
AliceInWonderland,[209],['it']
AliceInWonderland,[219],['it']
AliceInWonderland,[238],['it']
AliceInWonderland,[247],['she']
AliceInWonderland,[286],['herself']
AliceInWonderland,[288],['she']
AliceInWonderland,[290],['herself']
AliceInWonderland,[306],['she']
AliceInWonderland,[312],['she']
AliceInWonderland,[318],['she']
AliceInWonderland,[324],['her']
AliceInWonderland,[337],['she']
AliceInWonderland,[346],['she']
AliceInWonderland,[361],['she']
AliceInWonderland,[386],['she']
AliceInWonderland,[395],['She']
AliceInWonderland,[406],['she']
AliceInWonderland,[419],['her']
AliceInWonderland,[426],['she']
AliceInWonderland,[438],['somebody']
AliceInWonderland,[451],['she']
AliceInWonderland,[463],['herself']
AliceInWonderland,[473],['I']
AliceInWonderland,[484],['they']
AliceInWonderland,[486],['all']
AliceInWonderland,[488],['me']
AliceInWonderland,[494],['I']
AliceInWonderland,[504],['I']
AliceInWonderland,[538],['I']
AliceInWonderland,[543],['I']
AliceInWonderland,[551],['she']
AliceInWonderland,[556],['I']
AliceInWonderland,[569],['me']
AliceInWonderland,[580],['I']
AliceInWonderland,[587],['you']
AliceInWonderland,[599],['her']
AliceInWonderland,[617],['her']
AliceInWonderland,[623, 624],['no', 'one']
AliceInWonderland,[628],['her']
AliceInWonderland,[653],['I']
AliceInWonderland,[659],['I']
AliceInWonderland,[690],['she']
AliceInWonderland,[695],['I']
AliceInWonderland,[698],['I']
AliceInWonderland,[715, 716, 717, 718, 719, 720, 721, 722],['the', 'people', 'that', 'walk', 'with', 'their', 'heads', 'downward']
AliceInWonderland,[727],['I']
AliceInWonderland,[732],['she']
AliceInWonderland,[738, 739],['no', 'one']
AliceInWonderland,[759],['I']
AliceInWonderland,[764],['them']
AliceInWonderland,[773],['you']
AliceInWonderland,[778],['Ma’am']
AliceInWonderland,[790],['she']
AliceInWonderland,[795],['she']
AliceInWonderland,[801],['you']
AliceInWonderland,[809],['you']
AliceInWonderland,[811],['you']
AliceInWonderland,[820, 821, 822, 823],['an', 'ignorant', 'little', 'girl']
AliceInWonderland,[824],['she']
AliceInWonderland,[827],['me']
AliceInWonderland,[841],['I']
AliceInWonderland,[871],['Dinah']
AliceInWonderland,[874],['me']
AliceInWonderland,[881],['I']
AliceInWonderland,[889, 890],['the', 'cat']
AliceInWonderland,[894],['I']
AliceInWonderland,[896],['they']
AliceInWonderland,[899],['her']
AliceInWonderland,[909, 910],['my', 'dear']
AliceInWonderland,[912],['I']
AliceInWonderland,[914],['you']
AliceInWonderland,[919],['me']
AliceInWonderland,[929],['I']
AliceInWonderland,[934],['you']
AliceInWonderland,[957],['I']
AliceInWonderland,[975],['herself']
AliceInWonderland,[1008],['you']
AliceInWonderland,[1012],['she']
AliceInWonderland,[1026],['she']
AliceInWonderland,[1030],['She']
AliceInWonderland,[1033],['she']
AliceInWonderland,[1045],['she']
AliceInWonderland,[1057],['her']
AliceInWonderland,[1067],['me']
AliceInWonderland,[1072],['you']
AliceInWonderland,[1087],['she']
AliceInWonderland,[1112],['she']
AliceInWonderland,[1117],['her']
AliceInWonderland,[1123],['she']
AliceInWonderland,[1135],['her']
AliceInWonderland,[1143, 1144],['White', 'Rabbit']
AliceInWonderland,[1177],['it']
AliceInWonderland,[1181],['it']
AliceInWonderland,[1188],['my']
AliceInWonderland,[1200],['She']
AliceInWonderland,[1204],['it']
AliceInWonderland,[1206],['she']
AliceInWonderland,[1213],['Rabbit']
AliceInWonderland,[1221],['she']
AliceInWonderland,[1223],['herself']
AliceInWonderland,[1279],['she']
AliceInWonderland,[1288],['she']
AliceInWonderland,[1297],['she']
AliceInWonderland,[1381],['she']
AliceInWonderland,[1387],['she']
AliceInWonderland,[1405],['she']
AliceInWonderland,[1417],['her']
AliceInWonderland,[1446],['she']
AliceInWonderland,[1458],['you']
AliceInWonderland,[1463],['she']
AliceInWonderland,[1488],['she']
AliceInWonderland,[1493],['her']
AliceInWonderland,[1503],['my']
AliceInWonderland,[1523],['my']
AliceInWonderland,[1529],['I']
AliceInWonderland,[1531],['I']
AliceInWonderland,[1539],['I']
AliceInWonderland,[1541],['I']
AliceInWonderland,[1545],['I']
AliceInWonderland,[1555],['you']
AliceInWonderland,[1601],['she']
AliceInWonderland,[1610],['she']
AliceInWonderland,[1635],['she']
AliceInWonderland,[1714],['I']
AliceInWonderland,[1720],['she']
AliceInWonderland,[1738],['she']
AliceInWonderland,[1746, 1747, 1748, 1749, 1750, 1751, 1752, 1753, 1754, 1755, 1756, 1757, 1758, 1759, 1760, 1761],['children', 'who', 'had', 'got', 'burnt', ',', 'and', 'eaten', 'up', 'by', 'wild', 'beasts', 'and', 'other', 'unpleasant', 'things']
AliceInWonderland,[1765],['they']
AliceInWonderland,[1772, 1773],['their', 'friends']
AliceInWonderland,[1776],['them']
AliceInWonderland,[1789],['you']
AliceInWonderland,[1791],['you']
AliceInWonderland,[1800],['you']
AliceInWonderland,[1815],['she']
AliceInWonderland,[1822],['you']
AliceInWonderland,[1840],['you']
AliceInWonderland,[1904],['she']
AliceInWonderland,[1922],['I']
AliceInWonderland,[1938],['she']
AliceInWonderland,[1947],['her']
AliceInWonderland,[1955],['she']
AliceInWonderland,[1976],['she']
AliceInWonderland,[1985],['she']
AliceInWonderland,[1993],['she']
AliceInWonderland,[2007],['you']
AliceInWonderland,[2014],['herself']
AliceInWonderland,[2018],['my']
AliceInWonderland,[2027],['I']
AliceInWonderland,[2030],['I']
AliceInWonderland,[2038],['she']
AliceInWonderland,[2058],['she']
PrideAndPrejudice,[8, 9, 10],['such', 'a', 'man']
PrideAndPrejudice,[14],['his']
PrideAndPrejudice,[30, 31, 32],['the', 'surrounding', 'families']
PrideAndPrejudice,[35],['he']
PrideAndPrejudice,[42, 43],['some', 'one']
PrideAndPrejudice,[47, 48],['their', 'daughters']
PrideAndPrejudice,[58, 59],['his', 'lady']
PrideAndPrejudice,[61],['him']
PrideAndPrejudice,[67],['you']
PrideAndPrejudice,[82],['he']
PrideAndPrejudice,[93],['she']
PrideAndPrejudice,[105],['she']
PrideAndPrejudice,[107],['me']
PrideAndPrejudice,[121],['you']
PrideAndPrejudice,[133, 134],['his', 'wife']
PrideAndPrejudice,[139],['You']
PrideAndPrejudice,[144],['me']
PrideAndPrejudice,[147],['I']
PrideAndPrejudice,[164, 165],['my', 'dear']
PrideAndPrejudice,[167],['you']
PrideAndPrejudice,[179, 180, 181, 182, 183, 184, 185, 186, 187, 188, 189],['a', 'young', 'man', 'of', 'large', 'fortune', 'from', 'the', 'north', 'of', 'England']
PrideAndPrejudice,[192],['he']
PrideAndPrejudice,[216],['he']
PrideAndPrejudice,[224],['he']
PrideAndPrejudice,[230],['Michaelmas']
PrideAndPrejudice,[233, 234, 235, 236],['some', 'of', 'his', 'servants']
PrideAndPrejudice,[259],['Bingley']
PrideAndPrejudice,[264],['he']
PrideAndPrejudice,[275, 276],['my', 'dear']
PrideAndPrejudice,[282, 283, 284, 285, 286, 287],['A', 'single', 'man', 'of', 'large', 'fortune']
PrideAndPrejudice,[301, 302],['our', 'girls']
PrideAndPrejudice,[313],['them']
PrideAndPrejudice,[324, 325],['his', 'wife']
PrideAndPrejudice,[330],['you']
PrideAndPrejudice,[345, 346, 347],['one', 'of', 'them']
PrideAndPrejudice,[353],['his']
PrideAndPrejudice,[377],['he']
PrideAndPrejudice,[385, 386, 387],['one', 'of', 'them']
PrideAndPrejudice,[391],['you']
PrideAndPrejudice,[394],['him']
PrideAndPrejudice,[398],['he']
PrideAndPrejudice,[402],['“']
PrideAndPrejudice,[403],['I']
PrideAndPrejudice,[410],['You']
PrideAndPrejudice,[412, 413],['the', 'girls']
PrideAndPrejudice,[418],['you']
PrideAndPrejudice,[421],['them']
PrideAndPrejudice,[423],['themselves']
PrideAndPrejudice,[434],['you']
PrideAndPrejudice,[439, 440, 441],['any', 'of', 'them']
PrideAndPrejudice,[447],['you']
PrideAndPrejudice,[451, 452],['the', 'party']
PrideAndPrejudice,[456, 457],['My', 'dear']
PrideAndPrejudice,[459],['you']
PrideAndPrejudice,[461],['me']
PrideAndPrejudice,[463],['I']
PrideAndPrejudice,[475],['I']
PrideAndPrejudice,[486, 487],['a', 'woman']
PrideAndPrejudice,[489, 490, 491, 492, 493],['five', 'grown', '-', 'up', 'daughters']
PrideAndPrejudice,[495],['she']
PrideAndPrejudice,[502],['her']
PrideAndPrejudice,[512, 513],['a', 'woman']
PrideAndPrejudice,[527, 528],['my', 'dear']
PrideAndPrejudice,[530],['you']
PrideAndPrejudice,[539],['he']
PrideAndPrejudice,[551],['I']
PrideAndPrejudice,[555],['I']
PrideAndPrejudice,[557],['you']
PrideAndPrejudice,[563, 564],['your', 'daughters']
PrideAndPrejudice,[575, 576, 577],['one', 'of', 'them']
PrideAndPrejudice,[598],['you']
PrideAndPrejudice,[601],['they']
PrideAndPrejudice,[604],['newcomers']
PrideAndPrejudice,[607],['you']
PrideAndPrejudice,[618],['us']
PrideAndPrejudice,[622],['him']
PrideAndPrejudice,[624],['you']
PrideAndPrejudice,[630],['You']
PrideAndPrejudice,[649],['you']
PrideAndPrejudice,[652],['I']
PrideAndPrejudice,[659],['you']
PrideAndPrejudice,[662],['him']
PrideAndPrejudice,[664],['my']
PrideAndPrejudice,[668],['his']
PrideAndPrejudice,[670],['whichever']
PrideAndPrejudice,[671],['he']
PrideAndPrejudice,[674, 675],['the', 'girls']
PrideAndPrejudice,[678],['I']
PrideAndPrejudice,[686, 687, 688],['my', 'little', 'Lizzy']
PrideAndPrejudice,[692],['I']
PrideAndPrejudice,[694],['you']
PrideAndPrejudice,[708, 709],['the', 'others']
PrideAndPrejudice,[712],['I']
PrideAndPrejudice,[715],['she']
PrideAndPrejudice,[734],['you']
PrideAndPrejudice,[739],['her']
PrideAndPrejudice,[746],['They']
PrideAndPrejudice,[748, 749, 750],['none', 'of', 'them']
PrideAndPrejudice,[754],['them']
PrideAndPrejudice,[758],['he']
PrideAndPrejudice,[761],['they']
PrideAndPrejudice,[768, 769],['other', 'girls']
PrideAndPrejudice,[779, 780],['her', 'sisters']
PrideAndPrejudice,[791],['you']
PrideAndPrejudice,[793, 794, 795],['your', 'own', 'children']
PrideAndPrejudice,[801],['You']
PrideAndPrejudice,[806],['me']
PrideAndPrejudice,[808],['You']
PrideAndPrejudice,[813],['my']
PrideAndPrejudice,[819],['You']
PrideAndPrejudice,[821],['me']
PrideAndPrejudice,[823, 824],['my', 'dear']
PrideAndPrejudice,[826],['I']
PrideAndPrejudice,[832],['your']
PrideAndPrejudice,[837],['my']
PrideAndPrejudice,[841],['I']
PrideAndPrejudice,[844],['you']
PrideAndPrejudice,[860],['you']
PrideAndPrejudice,[865],['I']
PrideAndPrejudice,[871],['I']
PrideAndPrejudice,[873],['you']
PrideAndPrejudice,[884, 885, 886, 887, 888, 889, 890],['young', 'men', 'of', 'four', 'thousand', 'a', 'year']
PrideAndPrejudice,[904],['us']
PrideAndPrejudice,[907, 908],['twenty', 'such']
PrideAndPrejudice,[913],['you']
PrideAndPrejudice,[917],['them']
PrideAndPrejudice,[925, 926],['my', 'dear']
PrideAndPrejudice,[932],['twenty']
PrideAndPrejudice,[934],['I']
PrideAndPrejudice,[937, 938],['them', 'all']
PrideAndPrejudice,[975, 976],['his', 'wife']
PrideAndPrejudice,[978],['his']
PrideAndPrejudice,[982],['Her']
PrideAndPrejudice,[991],['She']
PrideAndPrejudice,[993, 994, 995, 996, 997, 998, 999, 1000, 1001, 1002, 1003, 1004],['a', 'woman', 'of', 'mean', 'understanding', ',', 'little', 'information', ',', 'and', 'uncertain', 'temper']
PrideAndPrejudice,[1007],['she']
PrideAndPrejudice,[1011],['she']
PrideAndPrejudice,[1013],['herself']
PrideAndPrejudice,[1024, 1025],['her', 'daughters']
PrideAndPrejudice,[1044, 1045, 1046, 1047, 1048, 1049],['those', 'who', 'waited', 'on', 'Mr.', 'Bingley']
PrideAndPrejudice,[1051],['He']
PrideAndPrejudice,[1057],['him']
PrideAndPrejudice,[1065, 1066],['his', 'wife']
PrideAndPrejudice,[1068],['he']
PrideAndPrejudice,[1082],['she']
PrideAndPrejudice,[1099, 1100, 1101],['his', 'second', 'daughter']
PrideAndPrejudice,[1108],['he']
PrideAndPrejudice,[1111],['her']
PrideAndPrejudice,[1115],['I']
PrideAndPrejudice,[1127],['We']
PrideAndPrejudice,[1144, 1145],['her', 'mother']
PrideAndPrejudice,[1150],['we']
PrideAndPrejudice,[1159],['you']
PrideAndPrejudice,[1162],['mamma']
PrideAndPrejudice,[1170],['we']
PrideAndPrejudice,[1173],['him']
PrideAndPrejudice,[1185],['him']
PrideAndPrejudice,[1189],['I']
PrideAndPrejudice,[1201],['She']
PrideAndPrejudice,[1203, 1204],['two', 'nieces']
PrideAndPrejudice,[1206],['her']
PrideAndPrejudice,[1209],['She']
PrideAndPrejudice,[1211, 1212, 1213, 1214, 1215],['a', 'selfish', ',', 'hypocritical', 'woman']
PrideAndPrejudice,[1218],['I']
PrideAndPrejudice,[1223],['her']
PrideAndPrejudice,[1230],['I']
PrideAndPrejudice,[1239],['I']
PrideAndPrejudice,[1245],['you']
PrideAndPrejudice,[1250],['her']
PrideAndPrejudice,[1252],['you']
PrideAndPrejudice,[1269],['herself']
PrideAndPrejudice,[1273, 1274, 1275, 1276],['one', 'of', 'her', 'daughters']
PrideAndPrejudice,[1297],['my']
PrideAndPrejudice,[1300],['You']
PrideAndPrejudice,[1313],['her']
PrideAndPrejudice,[1318, 1319],['her', 'father']
PrideAndPrejudice,[1322],['she']
PrideAndPrejudice,[1329],['I']
PrideAndPrejudice,[1334],['my']
PrideAndPrejudice,[1371, 1372],['her', 'mother']
PrideAndPrejudice,[1393],['her']
PrideAndPrejudice,[1396],['him']
PrideAndPrejudice,[1399],['she']
PrideAndPrejudice,[1403],['him']
PrideAndPrejudice,[1404],['herself']
PrideAndPrejudice,[1410, 1411],['my', 'dear']
PrideAndPrejudice,[1413],['you']
PrideAndPrejudice,[1419, 1420],['your', 'friend']
PrideAndPrejudice,[1428],['her']
PrideAndPrejudice,[1441],['I']
PrideAndPrejudice,[1446],['him']
PrideAndPrejudice,[1447],['myself']
PrideAndPrejudice,[1451],['you']
PrideAndPrejudice,[1458],['I']
PrideAndPrejudice,[1460],['your']
PrideAndPrejudice,[1472],['One']
PrideAndPrejudice,[1477, 1478],['a', 'man']
PrideAndPrejudice,[1491],['we']
PrideAndPrejudice,[1507, 1508],['her', 'neices']
PrideAndPrejudice,[1511],['their']
PrideAndPrejudice,[1519],['she']
PrideAndPrejudice,[1529],['you']
PrideAndPrejudice,[1534],['I']
PrideAndPrejudice,[1539],['myself']
PrideAndPrejudice,[1542, 1543],['The', 'girls']
PrideAndPrejudice,[1546, 1547],['their', 'father']
PrideAndPrejudice,[1573],['he']
PrideAndPrejudice,[1577],['you']
PrideAndPrejudice,[1596],['I']
PrideAndPrejudice,[1602],['you']
PrideAndPrejudice,[1609],['you']
PrideAndPrejudice,[1614],['you']
PrideAndPrejudice,[1616, 1617, 1618, 1619, 1620, 1621],['a', 'young', 'lady', 'of', 'deep', 'reflection']
PrideAndPrejudice,[1623],['I']
PrideAndPrejudice,[1652],['her']
PrideAndPrejudice,[1656],['he']
PrideAndPrejudice,[1669],['I']
PrideAndPrejudice,[1678, 1679],['his', 'wife']
PrideAndPrejudice,[1682],['I']
PrideAndPrejudice,[1695],['you']
PrideAndPrejudice,[1697],['me']
PrideAndPrejudice,[1702],['I']
PrideAndPrejudice,[1709],['I']
PrideAndPrejudice,[1716],['him']
PrideAndPrejudice,[1725],['I']
PrideAndPrejudice,[1732],['we']
PrideAndPrejudice,[1736, 1737],['the', 'acquaintance']
PrideAndPrejudice,[1749],['he']
PrideAndPrejudice,[1758, 1759],['the', 'rest']
PrideAndPrejudice,[1772],['she']
PrideAndPrejudice,[1780],['she']
PrideAndPrejudice,[1793],['you']
PrideAndPrejudice,[1795, 1796, 1797, 1798],['my', 'dear', 'Mr.', 'Bennet']
PrideAndPrejudice,[1801],['I']
PrideAndPrejudice,[1803],['I']
PrideAndPrejudice,[1806],['you']
PrideAndPrejudice,[1810],['I']
PrideAndPrejudice,[1813],['you']
PrideAndPrejudice,[1815, 1816],['your', 'girls']
PrideAndPrejudice,[1822, 1823],['an', 'acquaintance']
PrideAndPrejudice,[1829],['I']
PrideAndPrejudice,[1843],['you']
PrideAndPrejudice,[1865],['you']
PrideAndPrejudice,[1871],['you']
PrideAndPrejudice,[1882],['he']
PrideAndPrejudice,[1885],['he']
PrideAndPrejudice,[1895, 1896],['his', 'wife']
PrideAndPrejudice,[1900, 1901, 1902],['an', 'excellent', 'father']
PrideAndPrejudice,[1903],['you']
PrideAndPrejudice,[1906],['girls']
PrideAndPrejudice,[1910],['she']
PrideAndPrejudice,[1919],['I']
PrideAndPrejudice,[1924],['you']
PrideAndPrejudice,[1928],['him']
PrideAndPrejudice,[1931],['his']
PrideAndPrejudice,[1935],['me']
PrideAndPrejudice,[1944],['our']
PrideAndPrejudice,[1954],['I']
PrideAndPrejudice,[1957],['you']
PrideAndPrejudice,[1962, 1963],['new', 'acquaintances']
PrideAndPrejudice,[1969],['your']
PrideAndPrejudice,[1972],['we']
Emma,[0],['She']
Emma,[2, 3, 4, 5, 6, 7, 8, 9, 10, 11, 12, 13, 14],['the', 'youngest', 'of', 'the', 'two', 'daughters', 'of', 'a', 'most', 'affectionate', ',', 'indulgent', 'father']
Emma,[22, 23],['her', 'sister']
Emma,[28, 29, 30, 31],['mistress', 'of', 'his', 'house']
Emma,[38, 39],['Her', 'mother']
Emma,[46],['her']
Emma,[55],['her']
Emma,[59],['her']
Emma,[65, 66, 67, 68, 69, 70, 71, 72, 73, 74, 75, 76, 77, 78, 79, 80],['an', 'excellent', 'woman', 'as', 'governess', ',', 'who', 'had', 'fallen', 'little', 'short', 'of', 'a', 'mother', 'in', 'affection']
Emma,[96, 97],['a', 'governess']
Emma,[99, 100],['a', 'friend']
Emma,[105, 106],['both', 'daughters']
Emma,[115],['them']
Emma,[123],['sisters']
Emma,[142],['her']
Emma,[147],['her']
Emma,[164],['they']
Emma,[170, 171, 172, 173, 174, 175],['friend', 'and', 'friend', 'very', 'mutually', 'attached']
Emma,[182],['she']
Emma,[196],['her']
Emma,[217],['her']
Emma,[231],['herself']
Emma,[241],['her']
Emma,[267],['her']
Emma,[313, 314],['beloved', 'friend']
Emma,[331, 332, 333, 334],['the', 'bride', '-', 'people']
Emma,[337, 338],['her', 'father']
Emma,[340],['herself']
Emma,[359, 360],['Her', 'father']
Emma,[362],['himself']
Emma,[372],['she']
Emma,[382],['she']
Emma,[394, 395],['her', 'friend']
Emma,[400, 401, 402, 403, 404, 405, 406, 407, 408, 409, 410, 411, 412, 413, 414],['a', 'man', 'of', 'unexceptionable', 'character', ',', 'easy', 'fortune', ',', 'suitable', 'age', ',', 'and', 'pleasant', 'manners']
Emma,[431],['she']
Emma,[449],['her']
Emma,[465],['She']
Emma,[467],['her']
Emma,[481],['she']
Emma,[486],['she']
Emma,[490],['her']
Emma,[497],['she']
Emma,[501],['her']
Emma,[507],['her']
Emma,[514],['her']
Emma,[555],['their']
Emma,[559, 560],['each', 'other']
Emma,[570],['She']
Emma,[573, 574, 575, 576, 577, 578, 579, 580],['a', 'friend', 'and', 'companion', 'such', 'as', 'few', 'possessed']
Emma,[597, 598],['the', 'family']
Emma,[610],['herself']
Emma,[619],['hers']
Emma,[621, 622, 623, 624, 625, 626, 627, 628, 629, 630, 631, 632, 633, 634, 635, 636, 637, 638, 639, 640],['one', 'to', 'whom', 'she', 'could', 'speak', 'every', 'thought', 'as', 'it', 'arose', ',', 'and', 'who', 'had', 'such', 'an', 'affection', 'for', 'her']
Emma,[649],['she']
Emma,[660, 661],['her', 'friend']
Emma,[669],['them']
Emma,[691],['them']
Emma,[704],['her']
Emma,[711],['she']
Emma,[723],['She']
Emma,[726, 727],['her', 'father']
Emma,[730],['he']
Emma,[735],['her']
Emma,[737],['He']
Emma,[741],['her']
Emma,[771],['his']
Emma,[779, 780],['a', 'valetudinarian']
Emma,[782],['his']
Emma,[792],['he']
Emma,[794, 795, 796, 797, 798, 799, 800, 801, 802],['a', 'much', 'older', 'man', 'in', 'ways', 'than', 'in', 'years']
Emma,[812],['his']
Emma,[815],['his']
Emma,[819],['his']
Emma,[825],['him']
Emma,[830, 831, 832],['Her', 'sister', ',']
Emma,[854],['her']
Emma,[882, 883],['her', 'husband']
Emma,[886, 887, 888],['their', 'little', 'children']
Emma,[897],['her']
Emma,[938],['her']
Emma,[943],['Woodhouses']
Emma,[954],['them']
Emma,[956],['She']
Emma,[965, 966],['her', 'father']
Emma,[973, 974, 975, 976, 977, 978, 979, 980, 981, 982, 983, 984],['one', 'among', 'them', 'who', 'could', 'be', 'accepted', 'in', 'lieu', 'of', 'Miss', 'Taylor']
Emma,[1013, 1014],['her', 'father']
Emma,[1025],['His']
Emma,[1030],['He']
Emma,[1032, 1033, 1034],['a', 'nervous', 'man']
Emma,[1041, 1042],['every', 'body']
Emma,[1044],['he']
Emma,[1054],['them']
Emma,[1075],['he']
Emma,[1083, 1084, 1085],['his', 'own', 'daughter']
Emma,[1094],['her']
Emma,[1110],['he']
Emma,[1123],['his']
Emma,[1137, 1138],['other', 'people']
Emma,[1143],['himself']
Emma,[1145],['he']
Emma,[1161],['herself']
Emma,[1164],['them']
Emma,[1175],['she']
Emma,[1182],['her']
Emma,[1194],['she']
Emma,[1199],['him']
Emma,[1213],['him']
Emma,[1219],['he']
Emma,[1231],['I']
Emma,[1233],['she']
Emma,[1249],['her']
Emma,[1253],['I']
Emma,[1258],['you']
Emma,[1260],['papa']
Emma,[1262],['you']
Emma,[1264],['I']
Emma,[1272, 1273, 1274, 1275, 1276, 1277, 1278, 1279, 1280],['a', 'good', '-', 'humoured', ',', 'pleasant', ',', 'excellent', 'man']
Emma,[1283],['he']
Emma,[1286, 1287, 1288],['a', 'good', 'wife']
Emma,[1292],['you']
Emma,[1301],['us']
Emma,[1308],['my']
Emma,[1313],['she']
Emma,[1319],['her']
Emma,[1327],['her']
Emma,[1340],['her']
Emma,[1352],['you']
Emma,[1359, 1360],['my', 'dear']
Emma,[1366],['we']
Emma,[1372],['them']
Emma,[1375],['they']
Emma,[1379],['us']
Emma,[1382],['We']
Emma,[1389],['We']
Emma,[1394],['we']
Emma,[1406, 1407],['My', 'dear']
Emma,[1411],['I']
Emma,[1417],['Randalls']
Emma,[1423],['I']
Emma,[1435],['papa']
Emma,[1437],['nobody']
Emma,[1440],['your']
Emma,[1443],['We']
Emma,[1485],['we']
Emma,[1488],['our']
Emma,[1493],['They']
Emma,[1504],['papa']
Emma,[1506],['You']
Emma,[1508],['we']
Emma,[1515],['We']
Emma,[1531],['you']
Emma,[1536],['he']
Emma,[1542],['Randalls']
Emma,[1546, 1547],['his', 'daughter']
Emma,[1553],['I']
Emma,[1557],['he']
Emma,[1561],['us']
Emma,[1570],['papa']
Emma,[1572],['You']
Emma,[1579],['Nobody']
Emma,[1584],['you']
Emma,[1586],['her']
Emma,[1588],['James']
Emma,[1593],['you']
Emma,[1597],['I']
Emma,[1601],['I']
Emma,[1605],['her']
Emma,[1613],['I']
Emma,[1621],['himself']
Emma,[1628],['I']
Emma,[1631],['she']
Emma,[1634, 1635, 1636, 1637],['a', 'very', 'good', 'servant']
Emma,[1639],['she']
Emma,[1641, 1642, 1643, 1644, 1645, 1646, 1647],['a', 'civil', ',', 'pretty', '-', 'spoken', 'girl']
Emma,[1649],['I']
Emma,[1655],['her']
Emma,[1658],['I']
Emma,[1660],['her']
Emma,[1662],['she']
Emma,[1667],['me']
Emma,[1669],['I']
Emma,[1680],['you']
Emma,[1683],['her']
Emma,[1689],['I']
Emma,[1691],['she']
Emma,[1707],['I']
Emma,[1710],['she']
Emma,[1713, 1714, 1715],['an', 'excellent', 'servant']
Emma,[1730],['somebody']
Emma,[1732],['her']
Emma,[1734],['she']
Emma,[1746, 1747],['his', 'daughter']
Emma,[1749],['you']
Emma,[1752],['she']
Emma,[1757],['us']
Emma,[1759],['He']
Emma,[1765],['her']
Emma,[1767, 1768],['we', 'all']
Emma,[1795, 1796],['her', 'father']
Emma,[1809],['her']
Emma,[1820, 1821],['a', 'visitor']
Emma,[1834, 1835, 1836],['a', 'sensible', 'man']
Emma,[1849, 1850, 1851, 1852, 1853, 1854, 1855, 1856, 1857],['a', 'very', 'old', 'and', 'intimate', 'friend', 'of', 'the', 'family']
Emma,[1863],['it']
Emma,[1866, 1867, 1868, 1869, 1870, 1871, 1872],['the', 'elder', 'brother', 'of', 'Isabella', "'s", 'husband']
Emma,[1874],['He']
Emma,[1883, 1884, 1885],['a', 'frequent', 'visitor']
Emma,[1904, 1905, 1906],['their', 'mutual', 'connexions']
Emma,[1910],['He']
Emma,[1964],['him']
Emma,[1968],['his']
Emma,[1977, 1978],['her', 'children']
Emma,[2000],['you']
Emma,[2015],['us']
Emma,[2017],['I']
Emma,[2020],['you']
Dracula,[53],['I']
Dracula,[63],['I']
Dracula,[70],['I']
Dracula,[81],['we']
Dracula,[98],['I']
Dracula,[102],['we']
Dracula,[132],['us']
Dracula,[140],['We']
Dracula,[155],['I']
Dracula,[165],['I']
Dracula,[203],['I']
Dracula,[205, 206],['the', 'waiter']
Dracula,[209],['he']
Dracula,[229],['I']
Dracula,[241],['I']
Dracula,[243],['my']
Dracula,[253],['I']
Dracula,[258],['I']
Dracula,[273],['my']
Dracula,[279],['I']
Dracula,[303],['me']
Dracula,[320, 321, 322, 323, 324],['a', 'nobleman', 'of', 'that', 'country']
Dracula,[326],['I']
Dracula,[331],['he']
Dracula,[375],['I']
Dracula,[393],['Dracula']
Dracula,[408],['our']
Dracula,[415],['I']
Dracula,[425, 426],['Count', 'Dracula']
Dracula,[436],['I']
Dracula,[442],['my']
Dracula,[449],['my']
Dracula,[452],['I']
Dracula,[455],['my']
Dracula,[461, 462, 463, 464],['the', 'population', 'of', 'Transylvania']
Dracula,[467, 468, 469],['four', 'distinct', 'nationalities']
Dracula,[471, 472, 473, 474],['Saxons', 'in', 'the', 'South']
Dracula,[479],['them']
Dracula,[480, 481, 482, 483, 484, 485, 486, 487, 488, 489],['the', 'Wallachs', ',', 'who', 'are', 'the', 'descendants', 'of', 'the', 'Dacians']
Dracula,[491, 492, 493, 494],['Magyars', 'in', 'the', 'West']
Dracula,[497, 498, 499, 500, 501, 502],['Szekelys', 'in', 'the', 'East', 'and', 'North']
Dracula,[504],['I']
Dracula,[519, 520],['the', 'Huns']
Dracula,[529, 530],['the', 'Magyars']
Dracula,[538],['they']
Dracula,[540, 541],['the', 'Huns']
Dracula,[546],['I']
Dracula,[579],['my']
Dracula,[592],['I']
Dracula,[595, 596],['the', 'Count']
Dracula,[599],['them']
Dracula,[602],['I']
Dracula,[609],['my']
Dracula,[616],['I']
Dracula,[654],['I']
Dracula,[673],['I']
Dracula,[683],['my']
Dracula,[687],['I']
Dracula,[689],['I']
Dracula,[697],['I']
Dracula,[713],['they']
Dracula,[734],['they']
Dracula,[753],['I']
Dracula,[785],['I']
Dracula,[798],['we']
Dracula,[806],['me']
Dracula,[811],['you']
Dracula,[831],['we']
Dracula,[848],['we']
Dracula,[862],['we']
Dracula,[869],['we']
Dracula,[920, 921, 922],['groups', 'of', 'people']
Dracula,[925],['crowds']
Dracula,[934, 935, 936],['Some', 'of', 'them']
Dracula,[940, 941, 942, 943],['the', 'peasants', 'at', 'home']
Dracula,[945, 946, 947, 948, 949, 950, 951, 952],['those', 'I', 'saw', 'coming', 'through', 'France', 'and', 'Germany']
Dracula,[967],['others']
Dracula,[972, 973],['The', 'women']
Dracula,[979],['you']
Dracula,[985],['they']
Dracula,[993],['They']
Dracula,[1006, 1007, 1008],['most', 'of', 'them']
Dracula,[1038, 1039, 1040],['The', 'strangest', 'figures']
Dracula,[1041],['we']
Dracula,[1044, 1045, 1046, 1047, 1048, 1049, 1050, 1051, 1052, 1053, 1054, 1055, 1056, 1057, 1058, 1059, 1060, 1061, 1062, 1063, 1064, 1065, 1066, 1067, 1068, 1069, 1070, 1071, 1072, 1073, 1074, 1075, 1076, 1077, 1078, 1079, 1080, 1081, 1082, 1083, 1084, 1085, 1086, 1087, 1088, 1089, 1090],['the', 'Slovaks', ',', 'who', 'were', 'more', 'barbarian', 'than', 'the', 'rest', ',', 'with', 'their', 'big', 'cow', '-', 'boy', 'hats', ',', 'great', 'baggy', 'dirty', '-', 'white', 'trousers', ',', 'white', 'linen', 'shirts', ',', 'and', 'enormous', 'heavy', 'leather', 'belts', ',', 'nearly', 'a', 'foot', 'wide', ',', 'all', 'studded', 'over', 'with', 'brass', 'nails']
Dracula,[1092],['They']
Dracula,[1098],['their']
Dracula,[1114],['They']
Dracula,[1128],['they']
Dracula,[1137, 1138, 1139, 1140, 1141],['old', 'Oriental', 'band', 'of', 'brigands']
Dracula,[1143],['They']
Dracula,[1148],['I']
Dracula,[1172],['we']
Dracula,[1254, 1255, 1256, 1257, 1258, 1259, 1260, 1261, 1262, 1263, 1264, 1265, 1266, 1267],['13,000', 'people', ',', 'the', 'casualties', 'of', 'war', 'proper', 'being', 'assisted', 'by', 'famine', 'and', 'disease']
Dracula,[1269, 1270],['Count', 'Dracula']
Dracula,[1273],['me']
Dracula,[1283],['I']
Dracula,[1287],['my']
Dracula,[1301],['I']
Dracula,[1306],['I']
Dracula,[1315],['I']
Dracula,[1322],['I']
Dracula,[1327],['I']
Dracula,[1329, 1330, 1331, 1332, 1333, 1334, 1335, 1336, 1337, 1338, 1339],['a', 'cheery', '-', 'looking', 'elderly', 'woman', 'in', 'the', 'usual', 'peasant', 'dress']
Dracula,[1364],['I']
Dracula,[1367],['she']
Dracula,[1373, 1374, 1375],['The', 'Herr', 'Englishman']
Dracula,[1382],['I']
Dracula,[1390],['She']
Dracula,[1398, 1399, 1400, 1401, 1402, 1403, 1404, 1405, 1406, 1407, 1408, 1409, 1410, 1411, 1412, 1413],['an', 'elderly', 'man', 'in', 'white', 'shirt', '-', 'sleeves', ',', 'who', 'had', 'followed', 'her', 'to', 'the', 'door']
Dracula,[1415],['He']
Dracula,[1427, 1428],['My', 'Friend']
Dracula,[1436],['I']
Dracula,[1440],['you']
Dracula,[1467],['you']
Dracula,[1473],['my']
Dracula,[1477],['you']
Dracula,[1481],['you']
Dracula,[1483],['me']
Dracula,[1485],['I']
Dracula,[1488],['your']
Dracula,[1500],['you']
Dracula,[1503],['your']
Dracula,[1506],['my']
Dracula,[1511, 1512],['Your', 'friend']
Dracula,[1515],['DRACULA']
Dracula,[1524],['I']
Dracula,[1527, 1528],['my', 'landlord']
Dracula,[1534, 1535],['the', 'Count']
Dracula,[1538],['him']
Dracula,[1548],['me']
Dracula,[1557],['he']
Dracula,[1565],['he']
Dracula,[1569],['my']
Dracula,[1582],['he']
Dracula,[1591],['he']
Dracula,[1593],['my']
Dracula,[1598],['he']
Dracula,[1601],['He']
Dracula,[1603, 1604, 1605, 1606, 1607, 1608, 1609, 1610, 1611, 1612],['his', 'wife', ',', 'the', 'old', 'lady', 'who', 'had', 'received', 'me']
Dracula,[1616, 1617],['each', 'other']
Dracula,[1625],['He']
Dracula,[1642],['he']
Dracula,[1646],['I']
Dracula,[1648],['him']
Dracula,[1650],['he']
Dracula,[1652, 1653],['Count', 'Dracula']
Dracula,[1658],['me']
Dracula,[1661],['his']
Dracula,[1665],['he']
Dracula,[1667, 1668],['his', 'wife']
Dracula,[1670],['themselves']
Dracula,[1676],['they']
Dracula,[1697],['I']
Dracula,[1703, 1704, 1705],['any', 'one', 'else']
Dracula,[1722],['I']
Dracula,[1726, 1727, 1728],['the', 'old', 'lady']
Dracula,[1732],['my']
Dracula,[1744],['you']
Dracula,[1749, 1750],['young', 'Herr']
Dracula,[1753],['you']
Dracula,[1757],['She']
Dracula,[1765],['she']
Dracula,[1770],['her']
Dracula,[1775],['she']
Dracula,[1788],['I']
Dracula,[1795],['I']
Dracula,[1801],['her']
Dracula,[1808],['I']
Dracula,[1810],['her']
Dracula,[1812],['I']
Dracula,[1820],['I']
Dracula,[1827],['she']
Dracula,[1833],['you']
Dracula,[1841],['I']
Dracula,[1851],['She']
Dracula,[1853],['her']
Dracula,[1856],['she']
Dracula,[1865],['I']
Dracula,[1869],['I']
Dracula,[1875],['you']
Dracula,[1884],['my']
Dracula,[1887],['I']
Dracula,[1892],['she']
Dracula,[1903],['George']
Dracula,[1908],['you']
Dracula,[1935],['you']
Dracula,[1938],['you']
Dracula,[1944],['you']
Dracula,[1950],['She']
Dracula,[1957],['I']
Dracula,[1961],['her']
Dracula,[1968],['she']
Dracula,[1972],['her']
Dracula,[1976],['me']
Dracula,[1998],['I']
Dracula,[2014],['I']
Dracula,[2023],['I']
Dracula,[2028],['her']
Dracula,[2037],['I']
Dracula,[2041],['I']
Dracula,[2043],['her']
Dracula,[2046],['my']
Dracula,[2053],['I']
Dracula,[2057],['She']
Dracula,[2062],['her']
Dracula,[2070],['her']
Dracula,[2075],['me']
Dracula,[2077],['I']
Dracula,[2088, 2089, 2090],['an', 'English', 'Churchman']
Dracula,[2092],['I']
Dracula,[2114, 2115, 2116],['an', 'old', 'lady']
Dracula,[2128],['She']
Dracula,[2131],['I']
Dracula,[2137],['my']
Dracula,[2141],['she']
Dracula,[2146],['my']
Dracula,[2154, 2155],['your', 'mother']
Dracula,[2167],['I']
Dracula,[2177],['I']
Dracula,[2198],['my']
Dracula,[2204, 2205, 2206],['the', 'old', 'lady']
Dracula,[2224],['I']
Dracula,[2230],['I']
Dracula,[2238],['my']
Dracula,[2251],['I']
Dracula,[2257],['my']
VanityFair,[0, 1, 2, 3, 4, 5, 6, 7, 8, 9, 10, 11, 12],['A', 'black', 'servant', ',', 'who', 'reposed', 'on', 'the', 'box', 'beside', 'the', 'fat', 'coachman']
VanityFair,[15],['his']
VanityFair,[35],['he']
VanityFair,[41, 42, 43, 44, 45],['a', 'score', 'of', 'young', 'heads']
VanityFair,[61],['Nay']
VanityFair,[62, 63, 64, 65],[',', 'the', 'acute', 'observer']
VanityFair,[74],['good']
VanityFair,[75],['-']
VanityFair,[76, 77, 78, 79],['natured', 'Miss', 'Jemima', 'Pinkerton']
VanityFair,[80],['herself']
VanityFair,[91, 92],['that', 'lady']
VanityFair,[107],['sister']
VanityFair,[116, 117, 118, 119],[',', 'the', 'black', 'servant']
VanityFair,[128, 129],['the', 'coachman']
VanityFair,[139],['you']
VanityFair,[159],['herself']
VanityFair,[161, 162, 163, 164, 165, 166, 167, 168, 169, 170, 171, 172, 173, 174, 175, 176, 177, 178, 179, 180, 181],['that', 'majestic', 'lady', ';', 'the', 'Semiramis', 'of', 'Hammersmith', ',', 'the', 'friend', 'of', 'Doctor', 'Johnson', ',', 'the', 'correspondent', 'of', 'Mrs.', 'Chapone', 'herself']
VanityFair,[184, 185],['The', 'girls']
VanityFair,[194],['her']
VanityFair,[197],['sister']
VanityFair,[202],['Jemima']
VanityFair,[205],['we']
VanityFair,[208],['her']
VanityFair,[220, 221],['sister', 'Jemima']
VanityFair,[241],['I']
VanityFair,[263],['Amelia']
VanityFair,[270],['I']
VanityFair,[276],['you']
VanityFair,[315],['Esquire']
VanityFair,[323],['I']
VanityFair,[327, 328],['his', 'lady']
VanityFair,[340, 341],['her', 'sister']
VanityFair,[360, 361],['a', 'sovereign']
VanityFair,[365, 366],['her', 'pupils']
VanityFair,[373],['they']
VanityFair,[384, 385, 386],['poor', 'Miss', 'Birch']
VanityFair,[401, 402, 403, 404, 405],['the', 'parents', 'of', 'her', 'pupils']
VanityFair,[421, 422],['her', 'daughter']
VanityFair,[447],['Pinkerton']
VanityFair,[472],['her']
VanityFair,[481],['I']
VanityFair,[493, 494],['her', 'parents']
VanityFair,[497, 498, 499],['a', 'young', 'lady']
VanityFair,[508, 509, 510, 511, 512],['their', 'polished', 'and', 'refined', 'circle']
VanityFair,[527],['her']
VanityFair,[538, 539, 540, 541],['the', 'amiable', 'Miss', 'Sedley']
VanityFair,[549],['her']
VanityFair,[551, 552],['her', 'instructors']
VanityFair,[562, 563, 564, 565, 566, 567],['her', 'AGED', 'and', 'her', 'YOUTHFUL', 'companions']
VanityFair,[586],['she']
VanityFair,[593, 594],['her', 'friends']
VanityFair,[646, 647, 648, 649, 650],['every', 'young', 'lady', 'of', 'FASHION']
VanityFair,[677, 678, 679],['THE', 'GREAT', 'LEXICOGRAPHER']
VanityFair,[685, 686, 687, 688],['the', 'admirable', 'Mrs.', 'Chapone']
VanityFair,[699],['her']
VanityFair,[703, 704],['her', 'companions']
VanityFair,[711, 712, 713, 714, 715, 716, 717, 718, 719, 720],['her', 'mistress', ',', 'who', 'has', 'the', 'honour', 'to', 'subscribe', 'herself']
VanityFair,[722],['Madam']
VanityFair,[724, 725, 726, 727, 728, 729, 730, 731],['Your', 'most', 'obliged', 'humble', 'servant', ',', 'BARBARA', 'PINKERTON']
VanityFair,[735],['Sharp']
VanityFair,[758, 759, 760, 761, 762, 763, 764, 765, 766],['The', 'family', 'of', 'distinction', 'with', 'whom', 'she', 'is', 'engaged']
VanityFair,[771],['themselves']
VanityFair,[773],['her']
VanityFair,[789],['her']
VanityFair,[805],['Johnson']
VanityFair,[813],['she']
VanityFair,[817, 818],['her', 'scholars']
VanityFair,[839, 840, 841],['a', 'young', 'lady']
VanityFair,[845],['Pinkerton']
VanityFair,[854, 855, 856, 857, 858, 859],['the', 'late', 'revered', 'Doctor', 'Samuel', 'Johnson']
VanityFair,[865, 866],['the', 'Lexicographer']
VanityFair,[875, 876, 877],['this', 'majestic', 'woman']
VanityFair,[882],['he']
VanityFair,[886],['her']
VanityFair,[891],['her']
VanityFair,[894],['her']
VanityFair,[900, 901, 902],['her', 'elder', 'sister']
VanityFair,[950],['her']
VanityFair,[988],['her']
VanityFair,[995],['she']
VanityFair,[1000, 1001],['her', 'sister']
VanityFair,[1008],['she']
VanityFair,[1030],['you']
VanityFair,[1032],['your']
VanityFair,[1057],['sister']
VanityFair,[1069, 1070],['poor', 'Becky']
VanityFair,[1075],['she']
VanityFair,[1088],['me']
VanityFair,[1104, 1105],['poor', 'Jemima']
VanityFair,[1114, 1115, 1116, 1117],['Miss', 'Sedley', "'s", 'papa']
VanityFair,[1119, 1120, 1121, 1122],['a', 'merchant', 'in', 'London']
VanityFair,[1125, 1126, 1127, 1128, 1129],['a', 'man', 'of', 'some', 'wealth']
VanityFair,[1133],['Sharp']
VanityFair,[1135, 1136, 1137],['an', 'articled', 'pupil']
VanityFair,[1147],['she']
VanityFair,[1156],['her']
VanityFair,[1167],['schoolmistresses']
VanityFair,[1189, 1190],['a', 'person']
VanityFair,[1202, 1203, 1204],['the', 'stone', 'cutter']
VanityFair,[1212, 1213, 1214],['a', 'good', 'Christian']
VanityFair,[1216, 1217, 1218],['a', 'good', 'parent']
VanityFair,[1220],['child']
VanityFair,[1222],['wife']
VanityFair,[1225],['husband']
VanityFair,[1231, 1232, 1233],['a', 'disconsolate', 'family']
VanityFair,[1236],['his']
VanityFair,[1255, 1256],['the', 'pupil']
VanityFair,[1265, 1266, 1267],['the', 'disinterested', 'instructor']
VanityFair,[1275, 1276, 1277, 1278, 1279, 1280, 1281],['a', 'young', 'lady', 'of', 'this', 'singular', 'species']
VanityFair,[1293],['her']
VanityFair,[1303, 1304, 1305, 1306, 1307, 1308],['pompous', 'old', 'Minerva', 'of', 'a', 'woman']
VanityFair,[1321, 1322],['her', 'pupil']
VanityFair,[1324],['herself']
VanityFair,[1327],['she']
VanityFair,[1346],['Parisot']
VanityFair,[1362],['she']
VanityFair,[1377],['her']
VanityFair,[1385, 1386, 1387, 1388, 1389],['everybody', 'who', 'came', 'near', 'her']
VanityFair,[1392],['Minerva']
VanityFair,[1405],['one']
VanityFair,[1406],['-']
VanityFair,[1407, 1408, 1409, 1410, 1411, 1412, 1413, 1414, 1415, 1416, 1417, 1418, 1419, 1420, 1421, 1422, 1423],['eyed', 'tart', '-', 'woman', "'s", 'daughter', ',', 'who', 'was', 'permitted', 'to', 'vend', 'her', 'wares', 'once', 'a', 'week']
VanityFair,[1425, 1426, 1427, 1428, 1429, 1430],['the', 'young', 'ladies', 'in', 'the', 'Mall']
VanityFair,[1432],['She']
VanityFair,[1434, 1435, 1436, 1437, 1438],['twelve', 'intimate', 'and', 'bosom', 'friends']
VanityFair,[1441, 1442, 1443, 1444, 1445, 1446],['the', 'twenty', '-', 'four', 'young', 'ladies']
VanityFair,[1456],['her']
VanityFair,[1462],['Saltire']
VanityFair,[1464, 1465, 1466, 1467],['Lord', 'Dexter', "'s", 'granddaughter']
VanityFair,[1471],['her']
VanityFair,[1482, 1483, 1484, 1485, 1486, 1487, 1488, 1489, 1490, 1491, 1492],['the', 'rich', 'woolly', '-', 'haired', 'mulatto', 'from', 'St.', 'Kitt', "'s", ',']
VanityFair,[1496],['Amelia']
VanityFair,[1500],['she']
VanityFair,[1509],['they']
VanityFair,[1521],['her']
VanityFair,[1526],['Pinkerton']
VanityFair,[1543, 1544],['that', 'lady']
VanityFair,[1572, 1573],['her', 'sister']
VanityFair,[1584, 1585, 1586, 1587, 1588, 1589, 1590, 1591, 1592, 1593, 1594],['the', 'heiress', '(', 'who', 'paid', 'double', ')', 'of', 'St.', 'Kitt', "'s"]
VanityFair,[1607, 1608, 1609],['parlour', '-', 'boarders']
VanityFair,[1611, 1612],['Honest', 'Jemima']
VanityFair,[1637, 1638],['the', 'servants']
VanityFair,[1646],['her']
VanityFair,[1652],['we']
VanityFair,[1680],['her']
VanityFair,[1682],['she']
VanityFair,[1684, 1685, 1686],['her', 'awful', 'sister']
VanityFair,[1700],['we']
VanityFair,[1721, 1722],['our', 'acquaintance']
VanityFair,[1725],['she']
VanityFair,[1727, 1728, 1729, 1730],['a', 'dear', 'little', 'creature']
VanityFair,[1755, 1756, 1757, 1758, 1759, 1760],['villains', 'of', 'the', 'most', 'sombre', 'sort']
VanityFair,[1768, 1769, 1770, 1771, 1772, 1773, 1774, 1775, 1776, 1777, 1778],['a', 'constant', 'companion', 'so', 'guileless', 'and', 'good', '-', 'natured', 'a', 'person']
VanityFair,[1781],['she']
VanityFair,[1784, 1785],['a', 'heroine']
VanityFair,[1793],['her']
VanityFair,[1797],['I']
VanityFair,[1801],['her']
VanityFair,[1810],['her']
VanityFair,[1824],['her']
VanityFair,[1832],['her']
VanityFair,[1841],['she']
VanityFair,[1876, 1877, 1878],['the', 'silly', 'thing']
VanityFair,[1923],['her']
VanityFair,[1926, 1927, 1928, 1929, 1930, 1931, 1932, 1933, 1934],['any', 'persons', 'hard', '-', 'hearted', 'enough', 'to', 'do', 'so']
VanityFair,[1943],['them']
VanityFair,[1949, 1950, 1951, 1952, 1953],['that', 'austere', 'and', 'godlike', 'woman']
VanityFair,[1957],['her']
VanityFair,[1965],['she']
VanityFair,[1971],['she']
VanityFair,[1976, 1977],['all', 'masters']
VanityFair,[1979],['teachers']
VanityFair,[1997],['her']
Frankenstein,[0],['I']
Frankenstein,[6],['my']
Frankenstein,[12, 13, 14],['my', 'dear', 'sister']
Frankenstein,[16],['my']
Frankenstein,[25],['my']
Frankenstein,[28],['I']
Frankenstein,[38],['I']
Frankenstein,[46],['I']
Frankenstein,[54],['my']
Frankenstein,[59],['my']
Frankenstein,[63],['me']
Frankenstein,[68],['you']
Frankenstein,[84],['I']
Frankenstein,[89],['me']
Frankenstein,[104],['my']
Frankenstein,[112],['I']
Frankenstein,[135],['my']
Frankenstein,[172],['your']
Frankenstein,[175, 176],['my', 'sister']
Frankenstein,[178],['I']
Frankenstein,[202],['we']
Frankenstein,[259],['I']
Frankenstein,[290],['I']
Frankenstein,[325],['my']
Frankenstein,[343],['me']
Frankenstein,[352, 353],['a', 'child']
Frankenstein,[356],['he']
Frankenstein,[364, 365, 366],['his', 'holiday', 'mates']
Frankenstein,[387],['you']
Frankenstein,[395],['I']
Frankenstein,[399, 400],['all', 'mankind']
Frankenstein,[403, 404, 405],['the', 'last', 'generation']
Frankenstein,[454],['mine']
Frankenstein,[464],['I']
Frankenstein,[470],['I']
Frankenstein,[472],['my']
Frankenstein,[480],['me']
Frankenstein,[502, 503],['the', 'soul']
Frankenstein,[518],['my']
Frankenstein,[522],['I']
Frankenstein,[555],['You']
Frankenstein,[581],['My']
Frankenstein,[587],['I']
Frankenstein,[597],['my']
Frankenstein,[604],['my']
Frankenstein,[612],['I']
Frankenstein,[617, 618],['a', 'child']
Frankenstein,[623, 624],['my', 'father']
Frankenstein,[630, 631],['my', 'uncle']
Frankenstein,[634],['me']
Frankenstein,[646],['I']
Frankenstein,[654, 655, 656, 657, 658, 659, 660],['those', 'poets', 'whose', 'effusions', 'entranced', 'my', 'soul']
Frankenstein,[667],['I']
Frankenstein,[670, 671],['a', 'poet']
Frankenstein,[681],['my']
Frankenstein,[685],['I']
Frankenstein,[688],['I']
Frankenstein,[701],['Homer']
Frankenstein,[707],['You']
Frankenstein,[712],['my']
Frankenstein,[717],['I']
Frankenstein,[727],['I']
Frankenstein,[732, 733],['my', 'cousin']
Frankenstein,[736],['my']
Frankenstein,[744],['their']
Frankenstein,[753],['I']
Frankenstein,[760],['I']
Frankenstein,[771],['I']
Frankenstein,[773],['myself']
Frankenstein,[779],['I']
Frankenstein,[788],['I']
Frankenstein,[790, 791, 792, 793],['the', 'whale', '-', 'fishers']
Frankenstein,[802],['I']
Frankenstein,[816],['I']
Frankenstein,[821, 822, 823],['the', 'common', 'sailors']
Frankenstein,[829],['my']
Frankenstein,[850, 851, 852],['a', 'naval', 'adventurer']
Frankenstein,[861],['I']
Frankenstein,[864],['myself']
Frankenstein,[866, 867, 868, 869, 870, 871, 872, 873],['an', 'under', '-', 'mate', 'in', 'a', 'Greenland', 'whaler']
Frankenstein,[877],['myself']
Frankenstein,[881],['I']
Frankenstein,[884],['I']
Frankenstein,[890, 891],['my', 'captain']
Frankenstein,[893],['me']
Frankenstein,[902],['me']
Frankenstein,[913],['he']
Frankenstein,[915],['my']
Frankenstein,[925],['I']
Frankenstein,[934],['My']
Frankenstein,[946],['I']
Frankenstein,[962, 963, 964],['some', 'encouraging', 'voice']
Frankenstein,[971],['My']
Frankenstein,[974],['my']
Frankenstein,[980],['my']
Frankenstein,[985],['my']
Frankenstein,[991],['I']
Frankenstein,[1010],['my']
Frankenstein,[1013],['I']
Frankenstein,[1023],['others']
Frankenstein,[1029],['my']
Frankenstein,[1033],['theirs']
Frankenstein,[1048],['They']
Frankenstein,[1055],['their']
Frankenstein,[1066],['my']
Frankenstein,[1086],['you']
Frankenstein,[1095],['I']
Frankenstein,[1127],['your']
Frankenstein,[1130],['I']
Frankenstein,[1136],['my']
Frankenstein,[1149],['I']
Frankenstein,[1164],['my']
Frankenstein,[1183, 1184],['the', 'owner']
Frankenstein,[1191],['sailors']
Frankenstein,[1193],['I']
Frankenstein,[1197, 1198, 1199, 1200, 1201, 1202, 1203, 1204, 1205],['those', 'who', 'are', 'accustomed', 'to', 'the', 'whale', '-', 'fishing']
Frankenstein,[1207],['I']
Frankenstein,[1222],['I']
Frankenstein,[1227, 1228],['dear', 'sister']
Frankenstein,[1232],['I']
Frankenstein,[1238],['I']
Frankenstein,[1252],['you']
Frankenstein,[1254],['I']
Frankenstein,[1259],['I']
Frankenstein,[1262],['you']
Frankenstein,[1265],['me']
Frankenstein,[1274, 1275],['my', 'dear']
Frankenstein,[1285],['you']
Frankenstein,[1289],['me']
Frankenstein,[1292],['I']
Frankenstein,[1298],['my']
Frankenstein,[1302],['your']
Frankenstein,[1307, 1308, 1309],['Your', 'affectionate', 'brother']
Frankenstein,[1336],['I']
Frankenstein,[1350],['my']
Frankenstein,[1353],['I']
Frankenstein,[1363, 1364],['my', 'sailors']
Frankenstein,[1366, 1367, 1368, 1369, 1370, 1371],['those', 'whom', 'I', 'have', 'already', 'engaged']
Frankenstein,[1375, 1376, 1377, 1378, 1379, 1380],['men', 'on', 'whom', 'I', 'can', 'depend']
Frankenstein,[1390],['I']
Frankenstein,[1395],['I']
Frankenstein,[1412],['I']
Frankenstein,[1416, 1417, 1418, 1419],['a', 'most', 'severe', 'evil']
Frankenstein,[1421],['I']
Frankenstein,[1423, 1424],['no', 'friend']
Frankenstein,[1429],['I']
Frankenstein,[1441],['none']
Frankenstein,[1444],['my']
Frankenstein,[1448],['I']
Frankenstein,[1454, 1455],['no', 'one']
Frankenstein,[1460],['me']
Frankenstein,[1464],['I']
Frankenstein,[1467],['my']
Frankenstein,[1488],['I']
Frankenstein,[1493, 1494, 1495, 1496, 1497, 1498, 1499],['a', 'man', 'who', 'could', 'sympathize', 'with', 'me']
Frankenstein,[1506],['mine']
Frankenstein,[1508],['You']
Frankenstein,[1511],['me']
Frankenstein,[1514, 1515, 1516],['my', 'dear', 'sister']
Frankenstein,[1519],['I']
Frankenstein,[1525, 1526],['a', 'friend']
Frankenstein,[1528],['I']
Frankenstein,[1530, 1531],['no', 'one']
Frankenstein,[1533],['me']
Frankenstein,[1555],['my']
Frankenstein,[1562],['my']
Frankenstein,[1568, 1569],['a', 'friend']
Frankenstein,[1574, 1575, 1576],['your', 'poor', 'brother']
Frankenstein,[1578],['I']
Frankenstein,[1598],['me']
Frankenstein,[1600],['I']
Frankenstein,[1612],['my']
Frankenstein,[1614],['I']
Frankenstein,[1625, 1626],['Uncle', 'Thomas']
Frankenstein,[1635],['I']
Frankenstein,[1639, 1640, 1641, 1642, 1643, 1644, 1645],['the', 'celebrated', 'poets', 'of', 'our', 'own', 'country']
Frankenstein,[1658],['my']
Frankenstein,[1671],['I']
Frankenstein,[1684],['my']
Frankenstein,[1689],['I']
Frankenstein,[1702, 1703, 1704],['schoolboys', 'of', 'fifteen']
Frankenstein,[1710],['I']
Frankenstein,[1716],['my']
Frankenstein,[1725],['they']
Frankenstein,[1729, 1730],['the', 'painters']
Frankenstein,[1737],['I']
Frankenstein,[1740, 1741, 1742, 1743, 1744, 1745, 1746, 1747, 1748, 1749, 1750, 1751, 1752],['a', 'friend', 'who', 'would', 'have', 'sense', 'enough', 'not', 'to', 'despise', 'me', 'as', 'romantic']
Frankenstein,[1758],['me']
Frankenstein,[1763],['my']
Frankenstein,[1773],['I']
Frankenstein,[1777, 1778],['no', 'friend']
Frankenstein,[1791],['merchants']
Frankenstein,[1793],['seamen']
Frankenstein,[1814, 1815],['My', 'lieutenant']
Frankenstein,[1821, 1822, 1823, 1824, 1825, 1826, 1827],['a', 'man', 'of', 'wonderful', 'courage', 'and', 'enterprise']
Frankenstein,[1829],['he']
Frankenstein,[1841],['my']
Frankenstein,[1849],['his']
Frankenstein,[1852],['He']
Frankenstein,[1854, 1855],['an', 'Englishman']
Frankenstein,[1880],['I']
Frankenstein,[1885],['him']
Frankenstein,[1894],['he']
Frankenstein,[1901],['I']
Frankenstein,[1904],['him']
Frankenstein,[1908],['my']
Frankenstein,[1911, 1912],['The', 'master']
Frankenstein,[1914, 1915, 1916, 1917, 1918, 1919],['a', 'person', 'of', 'an', 'excellent', 'disposition']
Frankenstein,[1927],['his']
Frankenstein,[1933],['his']
Frankenstein,[1941],['his']
Frankenstein,[1951],['me']
Frankenstein,[1956],['him']
Frankenstein,[1964],['my']
Frankenstein,[1969],['your']
Frankenstein,[1981],['my']
Frankenstein,[1984],['I']
Frankenstein,[2000],['I']
Frankenstein,[2011],['I']
Frankenstein,[2014, 2015, 2016, 2017, 2018, 2019, 2020, 2021, 2022, 2023, 2024, 2025, 2026, 2027, 2028, 2029, 2030, 2031, 2032, 2033],['a', 'mariner', 'equally', 'noted', 'for', 'his', 'kindliness', 'of', 'heart', 'and', 'the', 'respect', 'and', 'obedience', 'paid', 'to', 'him', 'by', 'his', 'crew']
Frankenstein,[2035],['I']
Frankenstein,[2037],['myself']
Frankenstein,[2045],['his']
Frankenstein,[2048],['I']
Frankenstein,[2051],['him']
Frankenstein,[2060, 2061, 2062, 2063, 2064, 2065, 2066, 2067, 2068, 2069, 2070],['a', 'lady', 'who', 'owes', 'to', 'him', 'the', 'happiness', 'of', 'her', 'life']
Frankenstein,[2077],['his']
Frankenstein,[2083],['he']
Frankenstein,[2085, 2086, 2087, 2088, 2089, 2090, 2091],['a', 'young', 'Russian', 'lady', 'of', 'moderate', 'fortune']
Frankenstein,[2104, 2105, 2106, 2107, 2108],['the', 'father', 'of', 'the', 'girl']
Frankenstein,[2114],['He']
Frankenstein,[2116],['his']
Frankenstein,[2125],['she']
Frankenstein,[2133],['herself']
Frankenstein,[2135],['his']
Frankenstein,[2139],['him']
Frankenstein,[2142],['her']
Frankenstein,[2150],['she']
Frankenstein,[2152],['another']
Frankenstein,[2156],['he']
Frankenstein,[2162],['her']
Frankenstein,[2171, 2172, 2173],['My', 'generous', 'friend']
Frankenstein,[2175, 2176],['the', 'suppliant']
Frankenstein,[2186, 2187],['her', 'lover']
Frankenstein,[2191],['his']
Frankenstein,[2194],['He']
Frankenstein,[2201],['his']
Frankenstein,[2206],['he']
Frankenstein,[2214],['his']
Frankenstein,[2218],['he']
Frankenstein,[2223, 2224],['his', 'rival']
Frankenstein,[2231],['his']
Frankenstein,[2241],['himself']
Frankenstein,[2243, 2244, 2245, 2246, 2247],['the', 'young', 'woman', "'s", 'father']
Frankenstein,[2251],['her']
Frankenstein,[2254, 2255],['her', 'lover']
Frankenstein,[2258, 2259, 2260],['the', 'old', 'man']
Frankenstein,[2265],['himself']
Frankenstein,[2270, 2271],['my', 'friend']
Frankenstein,[2273],['who']
Frankenstein,[2276],['he']
Frankenstein,[2278, 2279],['the', 'father']
Frankenstein,[2283],['his']
Frankenstein,[2289],['he']
Frankenstein,[2292, 2293, 2294],['his', 'former', 'mistress']
Frankenstein,[2299],['her']
Frankenstein,[2304, 2305, 2306],['a', 'noble', 'fellow']
Frankenstein,[2309],['you']
Frankenstein,[2313],['He']
Frankenstein,[2319],['he']
Frankenstein,[2324],['he']
Frankenstein,[2329, 2330],['a', 'Turk']
Frankenstein,[2339],['him']
Frankenstein,[2346],['his']
Frankenstein,[2360],['he']
OliverTwist,[17, 18, 19],['the', 'parish', 'surgeon']
OliverTwist,[29, 30],['the', 'child']
OliverTwist,[101],['I']
OliverTwist,[132],['I']
OliverTwist,[173],['himself']
OliverTwist,[192],['our']
OliverTwist,[200],['he']
OliverTwist,[243, 244],['careful', 'grandmothers']
OliverTwist,[246, 247],['anxious', 'aunts']
OliverTwist,[249, 250],['experienced', 'nurses']
OliverTwist,[253, 254, 255, 256],['doctors', 'of', 'profound', 'wisdom']
OliverTwist,[258],['he']
OliverTwist,[273],['nobody']
OliverTwist,[279, 280, 281, 282, 283, 284, 285, 286, 287, 288, 289, 290, 291, 292, 293, 294],['a', 'pauper', 'old', 'woman', ',', 'who', 'was', 'rendered', 'rather', 'misty', 'by', 'an', 'unwonted', 'allowance', 'of', 'beer']
OliverTwist,[297, 298, 299, 300, 301, 302, 303, 304, 305],['a', 'parish', 'surgeon', 'who', 'did', 'such', 'matters', 'by', 'contract']
OliverTwist,[315],['them']
OliverTwist,[339, 340, 341, 342],['inmates', 'of', 'the', 'workhouse']
OliverTwist,[370, 371, 372, 373, 374, 375, 376, 377, 378, 379, 380, 381, 382],['a', 'male', 'infant', 'who', 'had', 'not', 'been', 'possessed', 'of', 'that', 'very', 'useful', 'appendage']
OliverTwist,[414],['his']
OliverTwist,[435, 436, 437],['a', 'young', 'woman']
OliverTwist,[456],['me']
OliverTwist,[458, 459],['the', 'child']
OliverTwist,[465, 466],['The', 'surgeon']
OliverTwist,[471],['his']
OliverTwist,[482],['his']
OliverTwist,[492, 493, 494],['the', 'young', 'woman']
OliverTwist,[497],['he']
OliverTwist,[519],['him']
OliverTwist,[524],['you']
OliverTwist,[536],['her']
OliverTwist,[544, 545],['the', 'nurse']
OliverTwist,[550],['her']
OliverTwist,[561],['she']
OliverTwist,[575],['her']
OliverTwist,[580],['she']
OliverTwist,[586],['I']
OliverTwist,[589],['sir']
OliverTwist,[593, 594],['thirteen', 'children']
OliverTwist,[596],['her']
OliverTwist,[600, 601, 602],['all', 'on', "'em"]
OliverTwist,[608],['them']
OliverTwist,[613],['me']
OliverTwist,[615],['she']
OliverTwist,[628],['her']
OliverTwist,[638, 639],['a', 'mother']
OliverTwist,[643, 644, 645, 646],['a', 'dear', 'young', 'lamb']
OliverTwist,[655, 656],['a', 'mother']
OliverTwist,[666, 667],['The', 'patient']
OliverTwist,[669],['her']
OliverTwist,[675],['her']
OliverTwist,[678, 679],['the', 'child']
OliverTwist,[681, 682],['The', 'surgeon']
OliverTwist,[686],['her']
OliverTwist,[689],['She']
OliverTwist,[691],['her']
OliverTwist,[697],['its']
OliverTwist,[701],['her']
OliverTwist,[704],['her']
OliverTwist,[719],['They']
OliverTwist,[721],['her']
OliverTwist,[736],['They']
OliverTwist,[743],['They']
OliverTwist,[746],['strangers']
OliverTwist,[761, 762],['the', 'surgeon']
OliverTwist,[778, 779],['the', 'nurse']
OliverTwist,[799],['she']
OliverTwist,[804, 805],['the', 'child']
OliverTwist,[813],['You']
OliverTwist,[820],['me']
OliverTwist,[823, 824],['the', 'child']
OliverTwist,[827],['nurse']
OliverTwist,[831, 832],['the', 'surgeon']
OliverTwist,[836],['his']
OliverTwist,[855],['it']
OliverTwist,[864],['He']
OliverTwist,[867],['his']
OliverTwist,[879],['his']
OliverTwist,[888],['She']
OliverTwist,[890, 891, 892, 893, 894],['a', 'good', '-', 'looking', 'girl']
OliverTwist,[900],['she']
OliverTwist,[906],['She']
OliverTwist,[915, 916, 917],['the', 'old', 'woman']
OliverTwist,[921, 922],['the', 'overseer']
OliverTwist,[926],['She']
OliverTwist,[934],['She']
OliverTwist,[941],['her']
OliverTwist,[950],['she']
OliverTwist,[956],['she']
OliverTwist,[961],['nobody']
OliverTwist,[965, 966],['The', 'surgeon']
OliverTwist,[984],['he']
OliverTwist,[988],['his']
OliverTwist,[997],['I']
OliverTwist,[1007, 1008, 1009],['The', 'medical', 'gentleman']
OliverTwist,[1016, 1017, 1018],['the', 'nurse', ',']
OliverTwist,[1023],['herself']
OliverTwist,[1043, 1044],['the', 'infant']
OliverTwist,[1069],['his']
OliverTwist,[1073],['he']
OliverTwist,[1077, 1078, 1079, 1080, 1081, 1082, 1083, 1084],['the', 'child', 'of', 'a', 'nobleman', 'or', 'a', 'beggar']
OliverTwist,[1092, 1093, 1094],['the', 'haughtiest', 'stranger']
OliverTwist,[1098],['him']
OliverTwist,[1099],['his']
OliverTwist,[1108],['he']
OliverTwist,[1125],['he']
OliverTwist,[1134],['his']
OliverTwist,[1139, 1140, 1141, 1142, 1143, 1144, 1145, 1146, 1147, 1148, 1149, 1150, 1151, 1152, 1153, 1154, 1155],['a', 'parish', 'child', '--', 'the', 'orphan', 'of', 'a', 'workhouse', '--', 'the', 'humble', ',', 'half', '-', 'starved', 'drudge']
OliverTwist,[1168],['all']
OliverTwist,[1173],['none']
OliverTwist,[1180],['he']
OliverTwist,[1185],['he']
OliverTwist,[1187, 1188],['an', 'orphan']
OliverTwist,[1196],['church']
OliverTwist,[1197],['-']
OliverTwist,[1198],['wardens']
OliverTwist,[1200],['overseers']
OliverTwist,[1201],[',']
OliverTwist,[1203],['he']
OliverTwist,[1214, 1215],['OLIVER', 'TWIST']
OliverTwist,[1233, 1234],['the', 'victim']
OliverTwist,[1244],['He']
OliverTwist,[1257, 1258, 1259],['the', 'infant', 'orphan']
OliverTwist,[1264, 1265, 1266],['the', 'workhouse', 'authorities']
OliverTwist,[1268, 1269, 1270],['the', 'parish', 'authorities']
OliverTwist,[1272, 1273, 1274],['The', 'parish', 'authorities']
OliverTwist,[1279, 1280, 1281],['the', 'workhouse', 'authorities']
OliverTwist,[1287],['female']
OliverTwist,[1295],['who']
OliverTwist,[1312],['he']
OliverTwist,[1317, 1318, 1319],['The', 'workhouse', 'authorities']
OliverTwist,[1332, 1333, 1334],['the', 'parish', 'authorities']
OliverTwist,[1355],['he']
OliverTwist,[1370, 1371, 1372, 1373, 1374, 1375],['twenty', 'or', 'thirty', 'other', 'juvenile', 'offenders']
OliverTwist,[1406, 1407, 1408, 1409, 1410, 1411, 1412, 1413, 1414, 1415, 1416, 1417, 1418, 1419, 1420, 1421, 1422, 1423, 1424, 1425, 1426, 1427],['an', 'elderly', 'female', ',', 'who', 'received', 'the', 'culprits', 'at', 'and', 'for', 'the', 'consideration', 'of', 'sevenpence', '-', 'halfpenny', 'per', 'small', 'head', 'per', 'week']
OliverTwist,[1442, 1443],['a', 'child']
OliverTwist,[1460],['its']
OliverTwist,[1468, 1469, 1470],['The', 'elderly', 'female']
OliverTwist,[1472, 1473, 1474, 1475, 1476, 1477],['a', 'woman', 'of', 'wisdom', 'and', 'experience']
OliverTwist,[1479],['she']
OliverTwist,[1485],['children']
OliverTwist,[1488],['she']
OliverTwist,[1499],['herself']
OliverTwist,[1503],['she']
OliverTwist,[1513],['her']
OliverTwist,[1519, 1520, 1521, 1522],['the', 'rising', 'parochial', 'generation']
OliverTwist,[1533],['them']
OliverTwist,[1547],['herself']
OliverTwist,[1548, 1549, 1550, 1551, 1552],['a', 'very', 'great', 'experimental', 'philosopher']
OliverTwist,[1554],['Everybody']
OliverTwist,[1560, 1561, 1562, 1563, 1564, 1565, 1566, 1567, 1568, 1569, 1570, 1571, 1572, 1573, 1574, 1575],['experimental', 'philosopher', 'who', 'had', 'a', 'great', 'theory', 'about', 'a', 'horse', 'being', 'able', 'to', 'live', 'without', 'eating']
OliverTwist,[1578],['who']
OliverTwist,[1585],['he']
OliverTwist,[1603],['him']
OliverTwist,[1616],['he']
OliverTwist,[1628],['he']
OliverTwist,[1647, 1648, 1649, 1650, 1651, 1652, 1653, 1654, 1655, 1656, 1657],['the', 'female', 'to', 'whose', 'protecting', 'care', 'Oliver', 'Twist', 'was', 'delivered', 'over']
OliverTwist,[1668],['her']
OliverTwist,[1678, 1679],['the', 'child']
OliverTwist,[1711],['it']
OliverTwist,[1741, 1742, 1743, 1744],['the', 'miserable', 'little', 'being']
OliverTwist,[1756, 1757, 1758, 1759, 1760, 1761],['the', 'fathers', 'it', 'had', 'never', 'known']
OliverTwist,[1777, 1778, 1779, 1780, 1781, 1782, 1783, 1784, 1785, 1786, 1787, 1788, 1789, 1790, 1791, 1792, 1793, 1794, 1795, 1796, 1797, 1798, 1799, 1800, 1801],['a', 'parish', 'child', 'who', 'had', 'been', 'overlooked', 'in', 'turning', 'up', 'a', 'bedstead', ',', 'or', 'inadvertently', 'scalded', 'to', 'death', 'when', 'there', 'happened', 'to', 'be', 'a', 'washing']
OliverTwist,[1824, 1825],['the', 'jury']
OliverTwist,[1830],['their']
OliverTwist,[1838, 1839],['the', 'parishioners']
OliverTwist,[1843],['their']
OliverTwist,[1859, 1860],['the', 'surgeon']
OliverTwist,[1866, 1867],['the', 'beadle']
OliverTwist,[1869, 1870, 1871, 1872],['the', 'former', 'of', 'whom']
OliverTwist,[1876, 1877],['the', 'body']
OliverTwist,[1891, 1892, 1893, 1894],['the', 'latter', 'of', 'whom']
OliverTwist,[1911, 1912],['the', 'board']
OliverTwist,[1923, 1924],['the', 'beadle']
OliverTwist,[1931],['they']
OliverTwist,[1935, 1936],['The', 'children']
OliverTwist,[1946],['they']
OliverTwist,[1954, 1955],['the', 'people']
TheCallOfTheWild,[0],['Buck']
TheCallOfTheWild,[8],['he']
TheCallOfTheWild,[20],['himself']
TheCallOfTheWild,[48],['men']
TheCallOfTheWild,[49, 50, 51, 52, 53, 54],[',', 'groping', 'in', 'the', 'Arctic', 'darkness']
TheCallOfTheWild,[73, 74, 75],['thousands', 'of', 'men']
TheCallOfTheWild,[82, 83],['These', 'men']
TheCallOfTheWild,[114],['Buck']
TheCallOfTheWild,[129, 130],['Judge', 'Miller']
TheCallOfTheWild,[215, 216, 217],['a', 'dozen', 'grooms']
TheCallOfTheWild,[219],['boys']
TheCallOfTheWild,[225],['vine']
TheCallOfTheWild,[226],['-']
TheCallOfTheWild,[227, 228],['clad', 'servants']
TheCallOfTheWild,[270, 271, 272, 273],['Judge', 'Miller', "'s", 'boys']
TheCallOfTheWild,[291],['Buck']
TheCallOfTheWild,[295],['he']
TheCallOfTheWild,[301],['he']
TheCallOfTheWild,[308],['his']
TheCallOfTheWild,[370],['Ysabel']
TheCallOfTheWild,[415],['Toots']
TheCallOfTheWild,[428, 429, 430, 431, 432, 433, 434, 435, 436],['a', 'legion', 'of', 'housemaids', 'armed', 'with', 'brooms', 'and', 'mops']
TheCallOfTheWild,[439],['Buck']
TheCallOfTheWild,[454],['his']
TheCallOfTheWild,[456],['He']
TheCallOfTheWild,[466, 467, 468, 469],['the', 'Judge', "'s", 'sons']
TheCallOfTheWild,[471],['he']
TheCallOfTheWild,[477, 478, 479, 480],['the', 'Judge', "'s", 'daughters']
TheCallOfTheWild,[493],['he']
TheCallOfTheWild,[497],['Judge']
TheCallOfTheWild,[506],['he']
TheCallOfTheWild,[508, 509, 510, 511],['the', 'Judge', "'s", 'grandsons']
TheCallOfTheWild,[513],['his']
TheCallOfTheWild,[518],['them']
TheCallOfTheWild,[525],['their']
TheCallOfTheWild,[556],['he']
TheCallOfTheWild,[564],['he']
TheCallOfTheWild,[569],['he']
TheCallOfTheWild,[571],['king']
TheCallOfTheWild,[574],['king']
TheCallOfTheWild,[584, 585],['Judge', 'Miller']
TheCallOfTheWild,[592, 593, 594, 595, 596, 597, 598, 599, 600],['His', 'father', ',', 'Elmo', ',', 'a', 'huge', 'St.', 'Bernard']
TheCallOfTheWild,[604, 605, 606, 607, 608],['the', 'Judge', "'s", 'inseparable', 'companion']
TheCallOfTheWild,[611],['Buck']
TheCallOfTheWild,[620, 621],['his', 'father']
TheCallOfTheWild,[623],['He']
TheCallOfTheWild,[630],['he']
TheCallOfTheWild,[641, 642],['his', 'mother']
TheCallOfTheWild,[677],['him']
TheCallOfTheWild,[680],['himself']
TheCallOfTheWild,[691],['his']
TheCallOfTheWild,[693],['he']
TheCallOfTheWild,[699, 700, 701],['a', 'sated', 'aristocrat']
TheCallOfTheWild,[703],['he']
TheCallOfTheWild,[709],['himself']
TheCallOfTheWild,[718, 719],['country', 'gentlemen']
TheCallOfTheWild,[724],['their']
TheCallOfTheWild,[729],['he']
TheCallOfTheWild,[732],['himself']
TheCallOfTheWild,[755],['his']
TheCallOfTheWild,[760],['him']
TheCallOfTheWild,[790],['Buck']
TheCallOfTheWild,[803, 804, 805, 806, 807],['men', 'from', 'all', 'the', 'world']
TheCallOfTheWild,[814],['Buck']
TheCallOfTheWild,[822],['he']
TheCallOfTheWild,[828, 829, 830, 831, 832, 833, 834],[',', 'one', 'of', 'the', 'gardener', "'s", 'helpers']
TheCallOfTheWild,[837, 838, 839],['an', 'undesirable', 'acquaintance']
TheCallOfTheWild,[847],['He']
TheCallOfTheWild,[857],['his']
TheCallOfTheWild,[860],['he']
TheCallOfTheWild,[874],['his']
TheCallOfTheWild,[890, 891, 892, 893],['a', 'gardener', "'s", 'helper']
TheCallOfTheWild,[901, 902],['a', 'wife']
TheCallOfTheWild,[904, 905],['numerous', 'progeny']
TheCallOfTheWild,[907, 908],['The', 'Judge']
TheCallOfTheWild,[921, 922],['the', 'boys']
TheCallOfTheWild,[939, 940],['No', 'one']
TheCallOfTheWild,[942],['him']
TheCallOfTheWild,[944],['Buck']
TheCallOfTheWild,[952],['Buck']
TheCallOfTheWild,[964, 965, 966],['a', 'solitary', 'man']
TheCallOfTheWild,[968, 969],['no', 'one']
TheCallOfTheWild,[971],['them']
TheCallOfTheWild,[983, 984],['This', 'man']
TheCallOfTheWild,[993],['them']
TheCallOfTheWild,[996],['You']
TheCallOfTheWild,[1003],['you']
TheCallOfTheWild,[1005],["'m"]
TheCallOfTheWild,[1008, 1009],['the', 'stranger']
TheCallOfTheWild,[1022],['Buck']
TheCallOfTheWild,[1035],['you']
TheCallOfTheWild,[1038],["'m"]
TheCallOfTheWild,[1046, 1047],['the', 'stranger']
TheCallOfTheWild,[1053],['Buck']
TheCallOfTheWild,[1073],['he']
TheCallOfTheWild,[1079, 1080, 1081],['men', 'he', 'knew']
TheCallOfTheWild,[1086],['them']
TheCallOfTheWild,[1093],['his']
TheCallOfTheWild,[1106, 1107],['the', 'stranger']
TheCallOfTheWild,[1111],['he']
TheCallOfTheWild,[1115],['He']
TheCallOfTheWild,[1119],['his']
TheCallOfTheWild,[1123],['his']
TheCallOfTheWild,[1135],['his']
TheCallOfTheWild,[1141],['his']
TheCallOfTheWild,[1146],['his']
TheCallOfTheWild,[1152],['he']
TheCallOfTheWild,[1155, 1156, 1157, 1158, 1159, 1160, 1161],['the', 'man', ',', 'who', 'met', 'him', 'halfway']
TheCallOfTheWild,[1164],['him']
TheCallOfTheWild,[1176],['him']
TheCallOfTheWild,[1179],['his']
TheCallOfTheWild,[1189],['Buck']
TheCallOfTheWild,[1195],['his']
TheCallOfTheWild,[1200],['his']
TheCallOfTheWild,[1203],['his']
TheCallOfTheWild,[1212],['his']
TheCallOfTheWild,[1215],['he']
TheCallOfTheWild,[1225],['his']
TheCallOfTheWild,[1228],['he']
TheCallOfTheWild,[1234],['his']
TheCallOfTheWild,[1238],['his']
TheCallOfTheWild,[1243],['he']
TheCallOfTheWild,[1252, 1253, 1254],['the', 'two', 'men']
TheCallOfTheWild,[1256],['him']
TheCallOfTheWild,[1264],['he']
TheCallOfTheWild,[1267],['he']
TheCallOfTheWild,[1272],['his']
TheCallOfTheWild,[1278],['he']
TheCallOfTheWild,[1300],['him']
TheCallOfTheWild,[1302],['he']
TheCallOfTheWild,[1305],['He']
TheCallOfTheWild,[1311, 1312],['the', 'Judge']
TheCallOfTheWild,[1325],['He']
TheCallOfTheWild,[1327],['his']
TheCallOfTheWild,[1342, 1343],['The', 'man']
TheCallOfTheWild,[1346],['his']
TheCallOfTheWild,[1355],['him']
TheCallOfTheWild,[1357],['His']
TheCallOfTheWild,[1369],['his']
TheCallOfTheWild,[1375],['him']
TheCallOfTheWild,[1386, 1387],['the', 'man']
TheCallOfTheWild,[1395, 1396, 1397, 1398, 1399, 1400, 1401, 1402, 1403, 1404, 1405, 1406],['the', 'baggageman', ',', 'who', 'had', 'been', 'attracted', 'by', 'the', 'sounds', 'of', 'struggle']
TheCallOfTheWild,[1409],['I']
TheCallOfTheWild,[1412],["'m"]
TheCallOfTheWild,[1415, 1416],['the', 'boss']
TheCallOfTheWild,[1419],['Frisco']
TheCallOfTheWild,[1421, 1422, 1423, 1424, 1425],['A', 'crack', 'dog', '-', 'doctor']
TheCallOfTheWild,[1429],['he']
TheCallOfTheWild,[1432],["'m"]
TheCallOfTheWild,[1441, 1442],['the', 'man']
TheCallOfTheWild,[1447],['himself']
TheCallOfTheWild,[1466],['I']
TheCallOfTheWild,[1474],['he']
TheCallOfTheWild,[1480],['I']
TheCallOfTheWild,[1494],['His']
TheCallOfTheWild,[1519, 1520, 1521],['the', 'other', 'mug']
TheCallOfTheWild,[1525, 1526, 1527, 1528],['the', 'saloon', '-', 'keeper']
TheCallOfTheWild,[1550],['me']
TheCallOfTheWild,[1562, 1563, 1564, 1565],['the', 'saloon', '-', 'keeper']
TheCallOfTheWild,[1570],['he']
TheCallOfTheWild,[1576],['I']
TheCallOfTheWild,[1582, 1583],['The', 'kidnapper']
TheCallOfTheWild,[1597],['I']
TheCallOfTheWild,[1610],['you']
TheCallOfTheWild,[1618, 1619, 1620, 1621],['the', 'saloon', '-', 'keeper']
TheCallOfTheWild,[1627],['me']
TheCallOfTheWild,[1633],['your']
TheCallOfTheWild,[1637],['he']
TheCallOfTheWild,[1657],['him']
TheCallOfTheWild,[1663],['his']
TheCallOfTheWild,[1667],['he']
TheCallOfTheWild,[1676],['they']
TheCallOfTheWild,[1686],['his']
TheCallOfTheWild,[1696],['he']
TheCallOfTheWild,[1705],['he']
TheCallOfTheWild,[1716],['his']
TheCallOfTheWild,[1722],['He']
TheCallOfTheWild,[1733],['they']
TheCallOfTheWild,[1736],['him']
TheCallOfTheWild,[1738, 1739, 1740],['these', 'strange', 'men']
TheCallOfTheWild,[1744],['they']
TheCallOfTheWild,[1746],['him']
TheCallOfTheWild,[1754],['He']
TheCallOfTheWild,[1761],['he']
TheCallOfTheWild,[1777],['he']
TheCallOfTheWild,[1792, 1793],['the', 'Judge']
TheCallOfTheWild,[1796, 1797],['the', 'boys']
TheCallOfTheWild,[1810, 1811, 1812, 1813],['the', 'saloon', '-', 'keeper']
TheCallOfTheWild,[1818],['him']
TheCallOfTheWild,[1837],['Buck']
TheCallOfTheWild,[1848, 1849, 1850, 1851],['the', 'saloon', '-', 'keeper']
TheCallOfTheWild,[1853],['him']
TheCallOfTheWild,[1860, 1861],['four', 'men']
TheCallOfTheWild,[1870],['tormentors']
TheCallOfTheWild,[1872],['Buck']
TheCallOfTheWild,[1876],['they']
TheCallOfTheWild,[1878],['evil']
TheCallOfTheWild,[1879],['-']
TheCallOfTheWild,[1880, 1881],['looking', 'creatures']
TheCallOfTheWild,[1888],['he']
TheCallOfTheWild,[1893],['them']
TheCallOfTheWild,[1898],['They']
TheCallOfTheWild,[1905],['him']
TheCallOfTheWild,[1908],['he']
TheCallOfTheWild,[1912],['his']
TheCallOfTheWild,[1915],['he']
TheCallOfTheWild,[1925],['he']
TheCallOfTheWild,[1941],['he']
TheCallOfTheWild,[1948],['he']
TheCallOfTheWild,[1959],['Clerks']
TheCallOfTheWild,[1967],['him']
TheCallOfTheWild,[1969],['he']
TheCallOfTheWild,[1980],['him']
TheCallOfTheWild,[1995],['he']
TheCallOfTheWild,[2009],['he']
DavidCopperfield,[0],['I']
DavidCopperfield,[4],['I']
DavidCopperfield,[10, 11, 12, 13, 14, 15],['the', 'hero', 'of', 'my', 'own', 'life']
DavidCopperfield,[25, 26],['anybody', 'else']
DavidCopperfield,[44],['I']
DavidCopperfield,[47],['I']
DavidCopperfield,[52],['I']
DavidCopperfield,[80],['I']
DavidCopperfield,[95],['my']
DavidCopperfield,[102, 103],['the', 'nurse']
DavidCopperfield,[107, 108, 109, 110, 111, 112, 113, 114, 115, 116, 117, 118, 119, 120],['some', 'sage', 'women', 'in', 'the', 'neighbourhood', 'who', 'had', 'taken', 'a', 'lively', 'interest', 'in', 'me']
DavidCopperfield,[129],['our']
DavidCopperfield,[137],['I']
DavidCopperfield,[150],['I']
DavidCopperfield,[166],['they']
DavidCopperfield,[187],['I']
DavidCopperfield,[204],['my']
DavidCopperfield,[225],['I']
DavidCopperfield,[232],['I']
DavidCopperfield,[238],['my']
DavidCopperfield,[241],['I']
DavidCopperfield,[244, 245],['a', 'baby']
DavidCopperfield,[247],['I']
DavidCopperfield,[256],['I']
DavidCopperfield,[273, 274],['anybody', 'else']
DavidCopperfield,[284],['he']
DavidCopperfield,[292],['I']
DavidCopperfield,[318, 319, 320, 321],['sea', '-', 'going', 'people']
DavidCopperfield,[340],['I']
DavidCopperfield,[346],['I']
DavidCopperfield,[362, 363, 364, 365, 366, 367, 368, 369, 370, 371, 372, 373, 374, 375, 376, 377, 378, 379, 380, 381, 382, 383, 384, 385, 386, 387, 388, 389, 390, 391, 392, 393, 394, 395],['an', 'attorney', 'connected', 'with', 'the', 'bill', '-', 'broking', 'business', ',', 'who', 'offered', 'two', 'pounds', 'in', 'cash', ',', 'and', 'the', 'balance', 'in', 'sherry', ',', 'but', 'declined', 'to', 'be', 'guaranteed', 'from', 'drowning', 'on', 'any', 'higher', 'bargain']
DavidCopperfield,[412, 413, 414, 415],['my', 'poor', 'dear', 'mother']
DavidCopperfield,[447, 448],['fifty', 'members']
DavidCopperfield,[458, 459],['the', 'winner']
DavidCopperfield,[465],['I']
DavidCopperfield,[468],['myself']
DavidCopperfield,[471],['I']
DavidCopperfield,[485],['myself']
DavidCopperfield,[498],['I']
DavidCopperfield,[502, 503, 504, 505, 506, 507, 508, 509, 510, 511, 512, 513, 514, 515, 516, 517, 518, 519, 520, 521, 522, 523, 524, 525, 526, 527, 528, 529, 530, 531],['an', 'old', 'lady', 'with', 'a', 'hand', '-', 'basket', ',', 'who', ',', 'very', 'reluctantly', ',', 'produced', 'from', 'it', 'the', 'stipulated', 'five', 'shillings', ',', 'all', 'in', 'halfpence', ',', 'and', 'twopence', 'halfpenny', 'short']
DavidCopperfield,[554],['her']
DavidCopperfield,[571],['she']
DavidCopperfield,[587],['I']
DavidCopperfield,[598],['her']
DavidCopperfield,[603],['she']
DavidCopperfield,[611],['her']
DavidCopperfield,[622],['her']
DavidCopperfield,[627],['she']
DavidCopperfield,[632],['she']
DavidCopperfield,[639],['her']
DavidCopperfield,[645],['mariners']
DavidCopperfield,[647, 648, 649, 650, 651, 652, 653, 654, 655, 656, 657, 658, 659, 660],['others', ',', 'who', 'had', 'the', 'presumption', 'to', 'go', '‘', 'meandering', '’', 'about', 'the', 'world']
DavidCopperfield,[669],['her']
DavidCopperfield,[684],['She']
DavidCopperfield,[700],['her']
DavidCopperfield,[714],['myself']
DavidCopperfield,[719],['I']
DavidCopperfield,[724],['my']
DavidCopperfield,[727],['I']
DavidCopperfield,[748],['I']
DavidCopperfield,[750, 751, 752],['a', 'posthumous', 'child']
DavidCopperfield,[754, 755],['My', 'father']
DavidCopperfield,[770],['mine']
DavidCopperfield,[780],['me']
DavidCopperfield,[789],['he']
DavidCopperfield,[792],['me']
DavidCopperfield,[803],['I']
DavidCopperfield,[806],['my']
DavidCopperfield,[811],['his']
DavidCopperfield,[825],['I']
DavidCopperfield,[841],['our']
DavidCopperfield,[867],['me']
DavidCopperfield,[876, 877, 878, 879, 880],['An', 'aunt', 'of', 'my', 'father']
DavidCopperfield,[885, 886, 887, 888, 889, 890],['a', 'great', '-', 'aunt', 'of', 'mine']
DavidCopperfield,[893],['whom']
DavidCopperfield,[894],['I']
DavidCopperfield,[905, 906, 907, 908, 909, 910],['the', 'principal', 'magnate', 'of', 'our', 'family']
DavidCopperfield,[913],['Trotwood']
DavidCopperfield,[920, 921, 922],['my', 'poor', 'mother']
DavidCopperfield,[925],['her']
DavidCopperfield,[928],['she']
DavidCopperfield,[931],['her']
DavidCopperfield,[935, 936],['formidable', 'personage']
DavidCopperfield,[939],['her']
DavidCopperfield,[952, 953, 954, 955, 956, 957, 958, 959, 960, 961],['a', 'husband', 'younger', 'than', 'herself', ',', 'who', 'was', 'very', 'handsome']
DavidCopperfield,[982],['he']
DavidCopperfield,[1013],['her']
DavidCopperfield,[1036],['him']
DavidCopperfield,[1047],['He']
DavidCopperfield,[1064, 1065],['our', 'family']
DavidCopperfield,[1067],['he']
DavidCopperfield,[1102],['his']
DavidCopperfield,[1114, 1115],['my', 'aunt']
DavidCopperfield,[1117],['nobody']
DavidCopperfield,[1126],['she']
DavidCopperfield,[1150],['herself']
DavidCopperfield,[1153, 1154, 1155, 1156, 1157, 1158],['a', 'single', 'woman', 'with', 'one', 'servant']
DavidCopperfield,[1175, 1176],['My', 'father']
DavidCopperfield,[1183],['hers']
DavidCopperfield,[1185],['I']
DavidCopperfield,[1189],['she']
DavidCopperfield,[1201, 1202],['my', 'mother']
DavidCopperfield,[1205, 1206, 1207],['a', 'wax', 'doll']
DavidCopperfield,[1210],['She']
DavidCopperfield,[1214, 1215],['my', 'mother']
DavidCopperfield,[1218],['she']
DavidCopperfield,[1220],['her']
DavidCopperfield,[1227, 1228],['My', 'father']
DavidCopperfield,[1236],['He']
DavidCopperfield,[1239, 1240],['my', 'mother']
DavidCopperfield,[1244],['he']
DavidCopperfield,[1254],['He']
DavidCopperfield,[1263],['I']
DavidCopperfield,[1270],['I']
DavidCopperfield,[1289],['I']
DavidCopperfield,[1302],['I']
DavidCopperfield,[1331],['my']
DavidCopperfield,[1339, 1340],['My', 'mother']
DavidCopperfield,[1362],['her']
DavidCopperfield,[1369],['herself']
DavidCopperfield,[1371, 1372, 1373, 1374, 1375, 1376, 1377, 1378, 1379, 1380, 1381, 1382, 1383, 1384, 1385, 1386, 1387, 1388, 1389, 1390, 1391, 1392, 1393, 1394, 1395, 1396, 1397, 1398, 1399, 1400, 1401, 1402, 1403, 1404],['the', 'fatherless', 'little', 'stranger', ',', 'who', 'was', 'already', 'welcomed', 'by', 'some', 'grosses', 'of', 'prophetic', 'pins', ',', 'in', 'a', 'drawer', 'upstairs', ',', 'to', 'a', 'world', 'not', 'at', 'all', 'excited', 'on', 'the', 'subject', 'of', 'his', 'arrival']
DavidCopperfield,[1406, 1407],['my', 'mother']
DavidCopperfield,[1409],['I']
DavidCopperfield,[1444],['her']
DavidCopperfield,[1449],['her']
DavidCopperfield,[1452],['she']
DavidCopperfield,[1461],['she']
DavidCopperfield,[1463],['a']
DavidCopperfield,[1464, 1465, 1466, 1467, 1468, 1469],['strange', 'lady', 'coming', 'up', 'the', 'garden']
DavidCopperfield,[1471, 1472],['My', 'mother']
DavidCopperfield,[1494, 1495, 1496],['the', 'strange', 'lady']
DavidCopperfield,[1505],['she']
DavidCopperfield,[1527, 1528],['nobody', 'else']
DavidCopperfield,[1531],['she']
DavidCopperfield,[1536],['she']
DavidCopperfield,[1541],['her']
DavidCopperfield,[1544, 1545],['My', 'father']
DavidCopperfield,[1550],['she']
DavidCopperfield,[1553],['herself']
DavidCopperfield,[1555, 1556, 1557],['any', 'ordinary', 'Christian']
DavidCopperfield,[1568],['she']
DavidCopperfield,[1582],['her']
DavidCopperfield,[1592, 1593, 1594, 1595],['my', 'poor', 'dear', 'mother']
DavidCopperfield,[1609],['She']
DavidCopperfield,[1611, 1612],['my', 'mother']
DavidCopperfield,[1618],['I']
DavidCopperfield,[1623],['I']
DavidCopperfield,[1637, 1638],['My', 'mother']
DavidCopperfield,[1641],['her']
DavidCopperfield,[1644],['her']
DavidCopperfield,[1675],['her']
DavidCopperfield,[1692, 1693],['my', 'mother']
DavidCopperfield,[1696],['she']
DavidCopperfield,[1704, 1705],['my', 'mother']
DavidCopperfield,[1708, 1709, 1710, 1711, 1712, 1713, 1714],['one', 'who', 'was', 'accustomed', 'to', 'be', 'obeyed']
DavidCopperfield,[1723, 1724],['My', 'mother']
DavidCopperfield,[1732],['I']
DavidCopperfield,[1747, 1748],['my', 'mother']
DavidCopperfield,[1754],['her']
DavidCopperfield,[1762, 1763],['my', 'mother']
DavidCopperfield,[1769],['Trotwood']
DavidCopperfield,[1773, 1774],['the', 'visitor']
DavidCopperfield,[1777],['You']
DavidCopperfield,[1781],['her']
DavidCopperfield,[1783],['I']
DavidCopperfield,[1788, 1789],['My', 'mother']
DavidCopperfield,[1791],['she']
DavidCopperfield,[1798],['she']
DavidCopperfield,[1820],['her']
DavidCopperfield,[1827, 1828],['My', 'mother']
DavidCopperfield,[1830],['her']
DavidCopperfield,[1835],['her']
DavidCopperfield,[1840],['They']
DavidCopperfield,[1845, 1846],['my', 'mother']
DavidCopperfield,[1876, 1877],['my', 'father']
DavidCopperfield,[1883],['they']
DavidCopperfield,[1894, 1895],['my', 'mother']
DavidCopperfield,[1902],['herself']
DavidCopperfield,[1936, 1937],['My', 'mother']
DavidCopperfield,[1945],['she']
DavidCopperfield,[1948],['she']
DavidCopperfield,[1951],['her']
DavidCopperfield,[1958],['your']
DavidCopperfield,[1961],['child']
DavidCopperfield,[1971],['me']
DavidCopperfield,[1973],['you']
DavidCopperfield,[1976, 1977],['My', 'mother']
DavidCopperfield,[1983],['her']
DavidCopperfield,[1993],['she']
DavidCopperfield,[2002],['she']
DavidCopperfield,[2005],['she']
DavidCopperfield,[2017],['her']
DavidCopperfield,[2029],['her']
HuckleberryFinn,[0],['YOU']
HuckleberryFinn,[5],['me']
HuckleberryFinn,[7],['you']
HuckleberryFinn,[39],['he']
HuckleberryFinn,[50],['he']
HuckleberryFinn,[55],['he']
HuckleberryFinn,[64],['I']
HuckleberryFinn,[67],['anybody']
HuckleberryFinn,[78, 79],['Aunt', 'Polly']
HuckleberryFinn,[82, 83],['the', 'widow']
HuckleberryFinn,[89, 90],['Aunt', 'Polly']
HuckleberryFinn,[92],['Tom']
HuckleberryFinn,[94, 95],['Aunt', 'Polly']
HuckleberryFinn,[97],['she']
HuckleberryFinn,[127],['I']
HuckleberryFinn,[144],['me']
HuckleberryFinn,[149, 150],['the', 'robbers']
HuckleberryFinn,[159],['us']
HuckleberryFinn,[162],['We']
HuckleberryFinn,[187, 188],['Judge', 'Thatcher']
HuckleberryFinn,[189],['he']
HuckleberryFinn,[202],['us']
HuckleberryFinn,[215, 216],['a', 'body']
HuckleberryFinn,[225, 226],['Widow', 'Douglas']
HuckleberryFinn,[227],['she']
HuckleberryFinn,[229],['me']
HuckleberryFinn,[231, 232],['her', 'son']
HuckleberryFinn,[236],['she']
HuckleberryFinn,[239],['me']
HuckleberryFinn,[259, 260],['the', 'widow']
HuckleberryFinn,[264],['her']
HuckleberryFinn,[270],['I']
HuckleberryFinn,[277],['I']
HuckleberryFinn,[281],['I']
HuckleberryFinn,[284],['my']
HuckleberryFinn,[288],['my']
HuckleberryFinn,[303],['he']
HuckleberryFinn,[305],['me']
HuckleberryFinn,[309],['he']
HuckleberryFinn,[314, 315, 316, 317],['a', 'band', 'of', 'robbers']
HuckleberryFinn,[320],['I']
HuckleberryFinn,[324],['I']
HuckleberryFinn,[329, 330],['the', 'widow']
HuckleberryFinn,[336],['I']
HuckleberryFinn,[340, 341],['The', 'widow']
HuckleberryFinn,[342],['she']
HuckleberryFinn,[345],['me']
HuckleberryFinn,[349],['me']
HuckleberryFinn,[350, 351, 352, 353],['a', 'poor', 'lost', 'lamb']
HuckleberryFinn,[356],['she']
HuckleberryFinn,[358],['me']
HuckleberryFinn,[368],['she']
HuckleberryFinn,[376],['She']
HuckleberryFinn,[378],['me']
HuckleberryFinn,[386],['I']
HuckleberryFinn,[412, 413],['The', 'widow']
HuckleberryFinn,[421],['you']
HuckleberryFinn,[429],['you']
HuckleberryFinn,[434],['you']
HuckleberryFinn,[443],['you']
HuckleberryFinn,[448, 449],['the', 'widow']
HuckleberryFinn,[453],['her']
HuckleberryFinn,[518],['she']
HuckleberryFinn,[521],['her']
HuckleberryFinn,[525],['me']
HuckleberryFinn,[533],['I']
HuckleberryFinn,[543],['him']
HuckleberryFinn,[549],['she']
HuckleberryFinn,[565],['I']
HuckleberryFinn,[572],['him']
HuckleberryFinn,[575],['I']
HuckleberryFinn,[587],['I']
HuckleberryFinn,[594, 595],['the', 'widow']
HuckleberryFinn,[598],['me']
HuckleberryFinn,[601],['she']
HuckleberryFinn,[605],['She']
HuckleberryFinn,[618],['I']
HuckleberryFinn,[634, 635],['some', 'people']
HuckleberryFinn,[637],['They']
HuckleberryFinn,[644],['they']
HuckleberryFinn,[653],['she']
HuckleberryFinn,[666],['her']
HuckleberryFinn,[672],['anybody']
HuckleberryFinn,[677],['you']
HuckleberryFinn,[687],['me']
HuckleberryFinn,[700],['she']
HuckleberryFinn,[714],['she']
HuckleberryFinn,[719, 720, 721, 722, 723, 724, 725, 726, 727, 728, 729],['Her', 'sister', ',', 'Miss', 'Watson', ',', 'a', 'tolerable', 'slim', 'old', 'maid']
HuckleberryFinn,[741],['her']
HuckleberryFinn,[756],['She']
HuckleberryFinn,[758],['me']
HuckleberryFinn,[768, 769],['the', 'widow']
HuckleberryFinn,[771],['her']
HuckleberryFinn,[775],['I']
HuckleberryFinn,[793],['I']
HuckleberryFinn,[811],['Huckleberry']
HuckleberryFinn,[823],['Huckleberry']
HuckleberryFinn,[833],['she']
HuckleberryFinn,[846],['Huckleberry']
HuckleberryFinn,[851],['you']
HuckleberryFinn,[858],['she']
HuckleberryFinn,[860],['me']
HuckleberryFinn,[868],['I']
HuckleberryFinn,[870],['I']
HuckleberryFinn,[872],['I']
HuckleberryFinn,[876],['She']
HuckleberryFinn,[882],['I']
HuckleberryFinn,[890],['I']
HuckleberryFinn,[898],['I']
HuckleberryFinn,[904],['I']
HuckleberryFinn,[909],['She']
HuckleberryFinn,[917],['I']
HuckleberryFinn,[921],['she']
HuckleberryFinn,[931],['she']
HuckleberryFinn,[947],['I']
HuckleberryFinn,[956],['she']
HuckleberryFinn,[966],['I']
HuckleberryFinn,[974],['I']
HuckleberryFinn,[994],['she']
HuckleberryFinn,[1001],['she']
HuckleberryFinn,[1006],['me']
HuckleberryFinn,[1013],['She']
HuckleberryFinn,[1016, 1017],['a', 'body']
HuckleberryFinn,[1041],['I']
HuckleberryFinn,[1050],['I']
HuckleberryFinn,[1055],['I']
HuckleberryFinn,[1057],['her']
HuckleberryFinn,[1059],['she']
HuckleberryFinn,[1068],['she']
HuckleberryFinn,[1076],['I']
HuckleberryFinn,[1083],['I']
HuckleberryFinn,[1085],['him']
HuckleberryFinn,[1087],['me']
HuckleberryFinn,[1094],['she']
HuckleberryFinn,[1098],['me']
HuckleberryFinn,[1112, 1113],['the', 'niggers']
HuckleberryFinn,[1121],['everybody']
HuckleberryFinn,[1127],['I']
HuckleberryFinn,[1131],['my']
HuckleberryFinn,[1147],['I']
HuckleberryFinn,[1171],['I']
HuckleberryFinn,[1175],['I']
HuckleberryFinn,[1178],['I']
HuckleberryFinn,[1199],['I']
HuckleberryFinn,[1211, 1212, 1213, 1214],['somebody', 'that', 'was', 'dead']
HuckleberryFinn,[1224, 1225, 1226, 1227, 1228, 1229],['somebody', 'that', 'was', 'going', 'to', 'die']
HuckleberryFinn,[1240],['me']
HuckleberryFinn,[1243],['I']
HuckleberryFinn,[1261],['me']
HuckleberryFinn,[1269],['I']
HuckleberryFinn,[1290],['its']
HuckleberryFinn,[1296],['itself']
HuckleberryFinn,[1320],['I']
HuckleberryFinn,[1328],['I']
HuckleberryFinn,[1331],['I']
HuckleberryFinn,[1333, 1334],['some', 'company']
HuckleberryFinn,[1343],['my']
HuckleberryFinn,[1347],['I']
HuckleberryFinn,[1360],['I']
HuckleberryFinn,[1369],['I']
HuckleberryFinn,[1373],['anybody']
HuckleberryFinn,[1376],['me']
HuckleberryFinn,[1387],['me']
HuckleberryFinn,[1393],['I']
HuckleberryFinn,[1403],['me']
HuckleberryFinn,[1405],['I']
HuckleberryFinn,[1412],['my']
HuckleberryFinn,[1418],['my']
HuckleberryFinn,[1425],['I']
HuckleberryFinn,[1432],['my']
HuckleberryFinn,[1439],['witches']
HuckleberryFinn,[1443],['I']
HuckleberryFinn,[1449],['You']
HuckleberryFinn,[1453],['you']
HuckleberryFinn,[1459],['you']
HuckleberryFinn,[1473],['I']
HuckleberryFinn,[1478],['anybody']
HuckleberryFinn,[1490],['you']
HuckleberryFinn,[1496],['I']
HuckleberryFinn,[1510],['my']
HuckleberryFinn,[1529, 1530],['the', 'widow']
HuckleberryFinn,[1541],['I']
HuckleberryFinn,[1571],['I']
HuckleberryFinn,[1589],['I']
HuckleberryFinn,[1596],['I']
HuckleberryFinn,[1620],['I']
HuckleberryFinn,[1635],['I']
HuckleberryFinn,[1640],['I']
HuckleberryFinn,[1657],['I']
HuckleberryFinn,[1681],['me']
HuckleberryFinn,[1686],['WE']
HuckleberryFinn,[1700, 1701],['the', 'widow']
HuckleberryFinn,[1714],['our']
HuckleberryFinn,[1718],['we']
HuckleberryFinn,[1724],['I']
HuckleberryFinn,[1734],['We']
HuckleberryFinn,[1741, 1742, 1743, 1744, 1745, 1746, 1747, 1748],['Miss', 'Watson', "'s", 'big', 'nigger', ',', 'named', 'Jim']
HuckleberryFinn,[1757],['we']
HuckleberryFinn,[1760],['him']
HuckleberryFinn,[1770],['him']
HuckleberryFinn,[1772],['He']
HuckleberryFinn,[1777],['his']
HuckleberryFinn,[1787],['he']
HuckleberryFinn,[1791],['Who']
HuckleberryFinn,[1795],['He']
HuckleberryFinn,[1801],['he']
HuckleberryFinn,[1809],['us']
HuckleberryFinn,[1811],['we']
HuckleberryFinn,[1815],['him']
HuckleberryFinn,[1835],['we']
HuckleberryFinn,[1847],['my']
HuckleberryFinn,[1855],['I']
HuckleberryFinn,[1863],['my']
HuckleberryFinn,[1871],['my']
HuckleberryFinn,[1876],['my']
HuckleberryFinn,[1881],['I']
HuckleberryFinn,[1885],['I']
HuckleberryFinn,[1892],['I']
HuckleberryFinn,[1902],['you']
HuckleberryFinn,[1920],['you']
HuckleberryFinn,[1926],['you']
HuckleberryFinn,[1935],['you']
HuckleberryFinn,[1940],['you']
HuckleberryFinn,[1962],['you']
HuckleberryFinn,[1966],['you']
HuckleberryFinn,[1972],['I']
HuckleberryFinn,[1981],['I']
HuckleberryFinn,[1984],['I']
HuckleberryFinn,[1990],['I']
HuckleberryFinn,[2000],['I']
HuckleberryFinn,[2007],['he']
HuckleberryFinn,[2014],['me']
HuckleberryFinn,[2018],['He']
HuckleberryFinn,[2020],['his']
HuckleberryFinn,[2029],['his']
HuckleberryFinn,[2040],['mine']
HuckleberryFinn,[2042],['My']
HuckleberryFinn,[2055],['my']
HuckleberryFinn,[2059],['I']
HuckleberryFinn,[2074],['I']
HuckleberryFinn,[2080],['I']
HuckleberryFinn,[2085],['I']
HuckleberryFinn,[2113],['I']
HuckleberryFinn,[2122],['I']
HuckleberryFinn,[2124],['I']
HuckleberryFinn,[2136],['I']
HuckleberryFinn,[2138],['my']
HuckleberryFinn,[2156],['he']
HuckleberryFinn,[2163],['I']
MobyDick,[0],['Loomings']
MobyDick,[2],['me']
MobyDick,[21],['my']
MobyDick,[29],['me']
MobyDick,[33],['I']
MobyDick,[35],['I']
MobyDick,[54],['I']
MobyDick,[67],['I']
MobyDick,[69],['myself']
MobyDick,[85],['my']
MobyDick,[89],['I']
MobyDick,[91],['myself']
MobyDick,[106],['I']
MobyDick,[112],['my']
MobyDick,[120],['me']
MobyDick,[131],['me']
MobyDick,[149],['I']
MobyDick,[161],['I']
MobyDick,[166],['my']
MobyDick,[179],['himself']
MobyDick,[181],['his']
MobyDick,[184],['I']
MobyDick,[199],['they']
MobyDick,[205, 206, 207, 208, 209],['all', 'men', 'in', 'their', 'degree']
MobyDick,[226],['me']
MobyDick,[231],['your']
MobyDick,[235, 236],['the', 'Manhattoes']
MobyDick,[263],['you']
MobyDick,[302, 303, 304, 305, 306],['crowds', 'of', 'water', '-', 'gazers']
MobyDick,[337],['you']
MobyDick,[343, 344],['silent', 'sentinels']
MobyDick,[351, 352, 353, 354, 355, 356, 357, 358, 359, 360],['thousands', 'upon', 'thousands', 'of', 'mortal', 'men', 'fixed', 'in', 'ocean', 'reveries']
MobyDick,[362],['Some']
MobyDick,[368],['some']
MobyDick,[376],['some']
MobyDick,[386],['some']
MobyDick,[405],['these']
MobyDick,[408, 409, 410, 411, 412, 413, 414, 415, 416, 417, 418, 419, 420, 421, 422, 423, 424, 425, 426, 427, 428, 429, 430],['landsmen', ';', 'of', 'week', 'days', 'pent', 'up', 'in', 'lath', 'and', 'plaster', '--', 'tied', 'to', 'counters', ',', 'nailed', 'to', 'benches', ',', 'clinched', 'to', 'desks']
MobyDick,[445],['they']
MobyDick,[454],['crowds']
MobyDick,[455, 456, 457, 458, 459, 460, 461, 462, 463, 464, 465, 466, 467],[',', 'pacing', 'straight', 'for', 'the', 'water', ',', 'and', 'seemingly', 'bound', 'for', 'a', 'dive']
MobyDick,[474],['them']
MobyDick,[497],['They']
MobyDick,[506],['they']
MobyDick,[515],['they']
MobyDick,[520],['them']
MobyDick,[522],['leagues']
MobyDick,[524],['Inlanders']
MobyDick,[527],['they']
MobyDick,[549],['they']
MobyDick,[554],['me']
MobyDick,[571],['them']
MobyDick,[578],['you']
MobyDick,[595],['you']
MobyDick,[604],['you']
MobyDick,[612],['you']
MobyDick,[628, 629, 630, 631, 632, 633, 634],['the', 'most', 'absent', '-', 'minded', 'of', 'men']
MobyDick,[638],['his']
MobyDick,[643, 644],['that', 'man']
MobyDick,[646],['his']
MobyDick,[650],['his']
MobyDick,[657],['he']
MobyDick,[661],['you']
MobyDick,[675],['you']
MobyDick,[690],['your']
MobyDick,[697, 698, 699],['a', 'metaphysical', 'professor']
MobyDick,[704, 705],['every', 'one']
MobyDick,[719, 720],['an', 'artist']
MobyDick,[722],['He']
MobyDick,[726],['you']
MobyDick,[753],['he']
MobyDick,[758],['his']
MobyDick,[769, 770],['a', 'hermit']
MobyDick,[780],['his']
MobyDick,[786],['his']
MobyDick,[844],['shepherd']
MobyDick,[854, 855],['the', 'shepherd']
MobyDick,[865],['him']
MobyDick,[881],['you']
MobyDick,[918],['you']
MobyDick,[920],['your']
MobyDick,[929, 930, 931, 932, 933],['the', 'poor', 'poet', 'of', 'Tennessee']
MobyDick,[971, 972, 973, 974, 975, 976, 977, 978, 979, 980, 981],['every', 'robust', 'healthy', 'boy', 'with', 'a', 'robust', 'healthy', 'soul', 'in', 'him']
MobyDick,[996],['your']
MobyDick,[1000, 1001],['a', 'passenger']
MobyDick,[1004],['you']
MobyDick,[1005],['yourself']
MobyDick,[1016],['you']
MobyDick,[1018],['your']
MobyDick,[1030, 1031, 1032],['the', 'old', 'Persians']
MobyDick,[1040, 1041],['the', 'Greeks']
MobyDick,[1050, 1051, 1052],['brother', 'of', 'Jove']
MobyDick,[1073],['who']
MobyDick,[1075],['he']
MobyDick,[1084],['he']
MobyDick,[1102],['we']
MobyDick,[1103],['ourselves']
MobyDick,[1134],['I']
MobyDick,[1137],['I']
MobyDick,[1147],['I']
MobyDick,[1163],['my']
MobyDick,[1166],['I']
MobyDick,[1175],['I']
MobyDick,[1181, 1182],['a', 'passenger']
MobyDick,[1188, 1189],['a', 'passenger']
MobyDick,[1190],['you']
MobyDick,[1205],['you']
MobyDick,[1213],['passengers']
MobyDick,[1231],['themselves']
MobyDick,[1242],['I']
MobyDick,[1246, 1247],['a', 'passenger']
MobyDick,[1252],['I']
MobyDick,[1260],['I']
MobyDick,[1266, 1267],['a', 'Commodore']
MobyDick,[1270, 1271],['a', 'Captain']
MobyDick,[1274, 1275],['a', 'Cook']
MobyDick,[1277],['I']
MobyDick,[1287, 1288, 1289, 1290],['those', 'who', 'like', 'them']
MobyDick,[1293],['my']
MobyDick,[1296],['I']
MobyDick,[1318],['I']
MobyDick,[1325],['myself']
MobyDick,[1348],['cook']
MobyDick,[1352],['I']
MobyDick,[1361, 1362],['a', 'cook']
MobyDick,[1377],['I']
MobyDick,[1399, 1400, 1401],['no', 'one', 'who']
MobyDick,[1417],['I']
MobyDick,[1428, 1429, 1430],['the', 'old', 'Egyptians']
MobyDick,[1440],['you']
MobyDick,[1448],['their']
MobyDick,[1457],['I']
MobyDick,[1462],['I']
MobyDick,[1465, 1466, 1467],['a', 'simple', 'sailor']
MobyDick,[1493],['they']
MobyDick,[1496],['me']
MobyDick,[1502],['me']
MobyDick,[1539],['you']
MobyDick,[1542, 1543, 1544, 1545],['an', 'old', 'established', 'family']
MobyDick,[1555],['Randolphs']
MobyDick,[1558],['Hardicanutes']
MobyDick,[1570],['your']
MobyDick,[1578],['you']
MobyDick,[1584, 1585, 1586],['a', 'country', 'schoolmaster']
MobyDick,[1589, 1590, 1591],['the', 'tallest', 'boys']
MobyDick,[1596],['you']
MobyDick,[1605],['I']
MobyDick,[1607],['you']
MobyDick,[1610, 1611],['a', 'schoolmaster']
MobyDick,[1613, 1614],['a', 'sailor']
MobyDick,[1622],['Seneca']
MobyDick,[1624, 1625],['the', 'Stoics']
MobyDick,[1628],['you']
MobyDick,[1649, 1650, 1651, 1652, 1653, 1654, 1655],['old', 'hunks', 'of', 'a', 'sea', '-', 'captain']
MobyDick,[1657],['me']
MobyDick,[1677],['I']
MobyDick,[1689],['you']
MobyDick,[1691, 1692, 1693],['the', 'archangel', 'Gabriel']
MobyDick,[1699],['me']
MobyDick,[1702],['I']
MobyDick,[1708, 1709],['old', 'hunks']
MobyDick,[1718, 1719],['a', 'slave']
MobyDick,[1722],['me']
MobyDick,[1730, 1731, 1732, 1733, 1734],['the', 'old', 'sea', '-', 'captains']
MobyDick,[1737],['me']
MobyDick,[1741],['they']
MobyDick,[1746],['me']
MobyDick,[1749],['I']
MobyDick,[1762, 1763],['everybody', 'else']
MobyDick,[1803, 1804],['each', 'other']
MobyDick,[1816],['I']
MobyDick,[1822, 1823],['a', 'sailor']
MobyDick,[1826],['they']
MobyDick,[1832],['me']
MobyDick,[1838],['they']
MobyDick,[1841],['passengers']
MobyDick,[1846],['I']
MobyDick,[1855],['passengers']
MobyDick,[1856],['themselves']
MobyDick,[1886, 1887, 1888, 1889],['the', 'two', 'orchard', 'thieves']
MobyDick,[1892],['us']
MobyDick,[1910, 1911],['a', 'man']
MobyDick,[1920],['we']
MobyDick,[1940, 1941, 1942],['a', 'monied', 'man']
MobyDick,[1950],['we']
MobyDick,[1952],['ourselves']
MobyDick,[1958],['I']
MobyDick,[1964, 1965],['a', 'sailor']
MobyDick,[2003],['you']
MobyDick,[2016, 2017],['the', 'Commodore']
MobyDick,[2024],['his']
MobyDick,[2030, 2031],['the', 'sailors']
MobyDick,[2036],['He']
MobyDick,[2038],['he']
MobyDick,[2053, 2054],['the', 'commonalty']
MobyDick,[2056, 2057],['their', 'leaders']
MobyDick,[2068, 2069],['the', 'leaders']
MobyDick,[2086, 2087, 2088],['a', 'merchant', 'sailor']
MobyDick,[2090],['I']
MobyDick,[2106, 2107, 2108, 2109, 2110, 2111, 2112],['the', 'invisible', 'police', 'officer', 'of', 'the', 'Fates']
MobyDick,[2114],['who']
MobyDick,[2120],['me']
MobyDick,[2121],[',']
MobyDick,[2125],['me']
MobyDick,[2129],['me']
MobyDick,[2135],['he']
MobyDick,[2140, 2141, 2142],['any', 'one', 'else']
MobyDick,[2188],['I']
